name,api_name,type,tier_max_units,tier_min_units,tier_style,tier_variables,desc
Doomer,TFT17_VEXUNIQUETRAIT,LEGENDARY,25000,1,4,{'ADAP1': 12.0},"Combat Start: Mark all enemies with Doom.<br><br>The first time enemies are damaged each combat, their Doom is consumed, stealing @ADAP1@% Attack Damage and Ability Power from them and granting it to your strongest Vex."
Challenger,TFT17_ASTRAIT,BRONZE,2,2,1,"{'AttackSpeedPercent': 0.15000000596046448, 'BurstDuration': 2.5, 'BurstPercent': 0.5, 'DamageReduction': None, 'TeamwideAS': 0.10000000149011612}","Your team gains @TeamwideAS*100@% Attack Speed. Challengers gain bonus Attack Speed. When their target dies, Challengers dash to a new target and increase their Attack Speed bonus by @BurstPercent*100@% for @BurstDuration@ seconds.<br><br><row>(@MinUnits@) @AttackSpeedPercent*100@%&nbsp;%i:scaleAS%</row><br><row>(@MinUnits@) @AttackSpeedPercent*100@%&nbsp;%i:scaleAS%</row><br><row>(@MinUnits@) @AttackSpeedPercent*100@%&nbsp;%i:scaleAS%</row><br><row>(@MinUnits@) @AttackSpeedPercent*100@%&nbsp;%i:scaleAS%</row>"
Challenger,TFT17_ASTRAIT,SILVER,3,3,3,"{'AttackSpeedPercent': 0.2800000011920929, 'BurstDuration': 2.5, 'BurstPercent': 0.5, 'DamageReduction': None, 'TeamwideAS': 0.10000000149011612}","Your team gains @TeamwideAS*100@% Attack Speed. Challengers gain bonus Attack Speed. When their target dies, Challengers dash to a new target and increase their Attack Speed bonus by @BurstPercent*100@% for @BurstDuration@ seconds.<br><br><row>(@MinUnits@) @AttackSpeedPercent*100@%&nbsp;%i:scaleAS%</row><br><row>(@MinUnits@) @AttackSpeedPercent*100@%&nbsp;%i:scaleAS%</row><br><row>(@MinUnits@) @AttackSpeedPercent*100@%&nbsp;%i:scaleAS%</row><br><row>(@MinUnits@) @AttackSpeedPercent*100@%&nbsp;%i:scaleAS%</row>"
Challenger,TFT17_ASTRAIT,SILVER,4,4,3,"{'AttackSpeedPercent': 0.41999998688697815, 'BurstDuration': 2.5, 'BurstPercent': 0.5, 'DamageReduction': None, 'TeamwideAS': 0.10000000149011612}","Your team gains @TeamwideAS*100@% Attack Speed. Challengers gain bonus Attack Speed. When their target dies, Challengers dash to a new target and increase their Attack Speed bonus by @BurstPercent*100@% for @BurstDuration@ seconds.<br><br><row>(@MinUnits@) @AttackSpeedPercent*100@%&nbsp;%i:scaleAS%</row><br><row>(@MinUnits@) @AttackSpeedPercent*100@%&nbsp;%i:scaleAS%</row><br><row>(@MinUnits@) @AttackSpeedPercent*100@%&nbsp;%i:scaleAS%</row><br><row>(@MinUnits@) @AttackSpeedPercent*100@%&nbsp;%i:scaleAS%</row>"
Challenger,TFT17_ASTRAIT,GOLD,25000,5,5,"{'AttackSpeedPercent': 0.550000011920929, 'BurstDuration': 2.5, 'BurstPercent': 0.5, 'DamageReduction': None, 'TeamwideAS': 0.10000000149011612}","Your team gains @TeamwideAS*100@% Attack Speed. Challengers gain bonus Attack Speed. When their target dies, Challengers dash to a new target and increase their Attack Speed bonus by @BurstPercent*100@% for @BurstDuration@ seconds.<br><br><row>(@MinUnits@) @AttackSpeedPercent*100@%&nbsp;%i:scaleAS%</row><br><row>(@MinUnits@) @AttackSpeedPercent*100@%&nbsp;%i:scaleAS%</row><br><row>(@MinUnits@) @AttackSpeedPercent*100@%&nbsp;%i:scaleAS%</row><br><row>(@MinUnits@) @AttackSpeedPercent*100@%&nbsp;%i:scaleAS%</row>"
Stargazer,TFT17_STARGAZER_WOLF,BRONZE,3,3,1,"{'Wolf_ADAP': 10.0, 'Wolf_Gold': 1, 'Wolf_Health': 0.019999999552965164, 'Wolf_Health_Teamwide': 0.07999999821186066, '{f5b00dd5}': 8.0}","Stargazers chart a different constellation every game. This game: <TFTStargazer>The Boar</TFTStargazer>.<br><br>Gain gold after winning player combat. Allies in empowered hexes gain @Wolf_Health_Teamwide*100@% Health, Attack Damage, and Ability Power. Stargazers gain more.<br><br>(Gold Earned: @TFTUnitProperty.trait:TFT17_Stargazer_Wolf_TotalGold@)<br><br><expandRow>(@MinUnits@) @Wolf_Gold@ gold, @Wolf_Health*100@% %i:scaleHealth%, @Wolf_ADAP@% %i:scaleAD%%i:scaleAP%</expandRow><br><br><rules>More hexes reveal at each player level</rules>"
Stargazer,TFT17_STARGAZER_WOLF,SILVER,4,4,3,"{'Wolf_ADAP': 15.0, 'Wolf_Gold': 2, 'Wolf_Health': 0.07999999821186066, 'Wolf_Health_Teamwide': 0.07999999821186066, '{f5b00dd5}': 8.0}","Stargazers chart a different constellation every game. This game: <TFTStargazer>The Boar</TFTStargazer>.<br><br>Gain gold after winning player combat. Allies in empowered hexes gain @Wolf_Health_Teamwide*100@% Health, Attack Damage, and Ability Power. Stargazers gain more.<br><br>(Gold Earned: @TFTUnitProperty.trait:TFT17_Stargazer_Wolf_TotalGold@)<br><br><expandRow>(@MinUnits@) @Wolf_Gold@ gold, @Wolf_Health*100@% %i:scaleHealth%, @Wolf_ADAP@% %i:scaleAD%%i:scaleAP%</expandRow><br><br><rules>More hexes reveal at each player level</rules>"
Stargazer,TFT17_STARGAZER_WOLF,SILVER,5,5,3,"{'Wolf_ADAP': 25.0, 'Wolf_Gold': 4, 'Wolf_Health': 0.15000000596046448, 'Wolf_Health_Teamwide': 0.07999999821186066, '{f5b00dd5}': 8.0}","Stargazers chart a different constellation every game. This game: <TFTStargazer>The Boar</TFTStargazer>.<br><br>Gain gold after winning player combat. Allies in empowered hexes gain @Wolf_Health_Teamwide*100@% Health, Attack Damage, and Ability Power. Stargazers gain more.<br><br>(Gold Earned: @TFTUnitProperty.trait:TFT17_Stargazer_Wolf_TotalGold@)<br><br><expandRow>(@MinUnits@) @Wolf_Gold@ gold, @Wolf_Health*100@% %i:scaleHealth%, @Wolf_ADAP@% %i:scaleAD%%i:scaleAP%</expandRow><br><br><rules>More hexes reveal at each player level</rules>"
Stargazer,TFT17_STARGAZER_WOLF,GOLD,25000,6,5,"{'Wolf_ADAP': 30.0, 'Wolf_Gold': 6, 'Wolf_Health': 0.2199999988079071, 'Wolf_Health_Teamwide': 0.07999999821186066, '{f5b00dd5}': 8.0}","Stargazers chart a different constellation every game. This game: <TFTStargazer>The Boar</TFTStargazer>.<br><br>Gain gold after winning player combat. Allies in empowered hexes gain @Wolf_Health_Teamwide*100@% Health, Attack Damage, and Ability Power. Stargazers gain more.<br><br>(Gold Earned: @TFTUnitProperty.trait:TFT17_Stargazer_Wolf_TotalGold@)<br><br><expandRow>(@MinUnits@) @Wolf_Gold@ gold, @Wolf_Health*100@% %i:scaleHealth%, @Wolf_ADAP@% %i:scaleAD%%i:scaleAP%</expandRow><br><br><rules>More hexes reveal at each player level</rules>"
Replicator,TFT17_APTRAIT,BRONZE,3,2,1,{'Effectiveness': 0.2199999988079071},Replicator abilities occur a second time at reduced effectiveness.<br><br><expandRow>(@MinUnits@) @Effectiveness*100@% strength</expandRow>
Replicator,TFT17_APTRAIT,GOLD,25000,4,5,{'Effectiveness': 0.5},Replicator abilities occur a second time at reduced effectiveness.<br><br><expandRow>(@MinUnits@) @Effectiveness*100@% strength</expandRow>
Vanguard,TFT17_SHIELDTANK,BRONZE,3,2,1,"{'DamageReductionPct': 0.05000000074505806, 'EnhancedDurability': 0.07999999821186066, 'HealthThreshold': 0.5, 'ShieldDuration': 10.0, 'ShieldPercentAmount': 0.1599999964237213}",Vanguards gain @DamageReductionPct*100@% Durability while Shielded. <br><br>Combat start and @HealthThreshold*100@%&nbsp;Health: Gain a max Health Shield for @ShieldDuration@&nbsp;seconds.<br><br><row>(@MinUnits@) @ShieldPercentAmount*100@% max Health</row><br><row>(@MinUnits@) @ShieldPercentAmount*100@% max Health</row><br><row>(@MinUnits@) @ShieldPercentAmount*100@% max Health;<br>@EnhancedDurability*100@%&nbsp;%i:scaleDR% while Shielded</row>
Vanguard,TFT17_SHIELDTANK,SILVER,5,4,3,"{'DamageReductionPct': 0.05000000074505806, 'EnhancedDurability': 0.07999999821186066, 'HealthThreshold': 0.5, 'ShieldDuration': 10.0, 'ShieldPercentAmount': 0.30000001192092896}",Vanguards gain @DamageReductionPct*100@% Durability while Shielded. <br><br>Combat start and @HealthThreshold*100@%&nbsp;Health: Gain a max Health Shield for @ShieldDuration@&nbsp;seconds.<br><br><row>(@MinUnits@) @ShieldPercentAmount*100@% max Health</row><br><row>(@MinUnits@) @ShieldPercentAmount*100@% max Health</row><br><row>(@MinUnits@) @ShieldPercentAmount*100@% max Health;<br>@EnhancedDurability*100@%&nbsp;%i:scaleDR% while Shielded</row>
Vanguard,TFT17_SHIELDTANK,GOLD,25000,6,5,"{'DamageReductionPct': 0.05000000074505806, 'EnhancedDurability': 0.07999999821186066, 'HealthThreshold': 0.5, 'ShieldDuration': 10.0, 'ShieldPercentAmount': 0.4000000059604645}",Vanguards gain @DamageReductionPct*100@% Durability while Shielded. <br><br>Combat start and @HealthThreshold*100@%&nbsp;Health: Gain a max Health Shield for @ShieldDuration@&nbsp;seconds.<br><br><row>(@MinUnits@) @ShieldPercentAmount*100@% max Health</row><br><row>(@MinUnits@) @ShieldPercentAmount*100@% max Health</row><br><row>(@MinUnits@) @ShieldPercentAmount*100@% max Health;<br>@EnhancedDurability*100@%&nbsp;%i:scaleDR% while Shielded</row>
Psionic,TFT17_PSYOPS,BRONZE,3,2,1,{'{1b889d1c}': None},"Gain Psionic items that can be equipped to any ally.<br><br><row>(@MinUnits@) Gain the @TFTUnitProperty.trait:TFT17_PsyOps_Item1@</row><br><row>(@MinUnits@) Gain the @TFTUnitProperty.trait:TFT17_PsyOps_Item2@, Psionic items gain extra effects on Psionic units</row><br><br><br>"
Psionic,TFT17_PSYOPS,GOLD,25000,4,5,{'{1b889d1c}': 50.0},"Gain Psionic items that can be equipped to any ally.<br><br><row>(@MinUnits@) Gain the @TFTUnitProperty.trait:TFT17_PsyOps_Item1@</row><br><row>(@MinUnits@) Gain the @TFTUnitProperty.trait:TFT17_PsyOps_Item2@, Psionic items gain extra effects on Psionic units</row><br><br><br>"
Eradicator,TFT17_JHINUNIQUETRAIT,LEGENDARY,1,1,4,{'PctResists': 0.10000000149011612},Enemies have @PctResists*100@% less Armor and Magic Resist.
Timebreaker,TFT17_TIMEBREAKER,BRONZE,2,2,1,"{'AttackSpeed': 0.11999999731779099, 'TimebreakerAdditionalAS': None, '{aaae13a0}': None}","<row>(@MinUnits@) Allies gain @AttackSpeed*100@% Attack Speed.</row><br><row>(@MinUnits@) AND When you lose, gain free rerolls. When you win, store XP in a Temporal Core (scales with stage).</row><br><row>(@MinUnits@) AND Timebreakers gain an additional @TimebreakerAdditionalAS*100@% Attack Speed</row><br><br><rules>Rerolls on Loss: @TFTUnitProperty.:TFT17_Timebreaker_NumRerollsTooltip@<br>XP on Win: @TFTUnitProperty.:TFT17_Timebreaker_NumXPTooltip@</rules>"
Timebreaker,TFT17_TIMEBREAKER,SILVER,3,3,3,"{'AttackSpeed': 0.11999999731779099, 'TimebreakerAdditionalAS': None, '{aaae13a0}': 1.0}","<row>(@MinUnits@) Allies gain @AttackSpeed*100@% Attack Speed.</row><br><row>(@MinUnits@) AND When you lose, gain free rerolls. When you win, store XP in a Temporal Core (scales with stage).</row><br><row>(@MinUnits@) AND Timebreakers gain an additional @TimebreakerAdditionalAS*100@% Attack Speed</row><br><br><rules>Rerolls on Loss: @TFTUnitProperty.:TFT17_Timebreaker_NumRerollsTooltip@<br>XP on Win: @TFTUnitProperty.:TFT17_Timebreaker_NumXPTooltip@</rules>"
Timebreaker,TFT17_TIMEBREAKER,GOLD,25000,4,5,"{'AttackSpeed': 0.11999999731779099, 'TimebreakerAdditionalAS': 0.5, '{aaae13a0}': 1.0}","<row>(@MinUnits@) Allies gain @AttackSpeed*100@% Attack Speed.</row><br><row>(@MinUnits@) AND When you lose, gain free rerolls. When you win, store XP in a Temporal Core (scales with stage).</row><br><row>(@MinUnits@) AND Timebreakers gain an additional @TimebreakerAdditionalAS*100@% Attack Speed</row><br><br><rules>Rerolls on Loss: @TFTUnitProperty.:TFT17_Timebreaker_NumRerollsTooltip@<br>XP on Win: @TFTUnitProperty.:TFT17_Timebreaker_NumXPTooltip@</rules>"
Marauder,TFT17_MELEETRAIT,BRONZE,3,2,1,"{'AD': 0.18000000715255737, 'MaxPercentHealthShield': 0.25, 'Omnivamp': 0.05000000074505806, 'ShieldAD': None, 'TeamwideBonus': 0.05000000074505806}","Your team gains @TeamwideBonus*100@% Omnivamp. Marauders gain more Omnivamp, Attack Damage, and their Omnivamp overhealing is converted into Shield (up to @MaxPercentHealthShield*100@% max Health.)<br><br><row>(@MinUnits@) @Omnivamp*100@% %i:scaleSV%, @AD*100@% %i:scaleAD%</row><br><row>(@MinUnits@) @Omnivamp*100@% %i:scaleSV%, @AD*100@% %i:scaleAD%</row><br><row>(@MinUnits@) @Omnivamp*100@% %i:scaleSV%, @AD*100@% %i:scaleAD%.</row>"
Marauder,TFT17_MELEETRAIT,SILVER,5,4,3,"{'AD': 0.3499999940395355, 'MaxPercentHealthShield': 0.25, 'Omnivamp': 0.07000000029802322, 'ShieldAD': None, 'TeamwideBonus': 0.05000000074505806}","Your team gains @TeamwideBonus*100@% Omnivamp. Marauders gain more Omnivamp, Attack Damage, and their Omnivamp overhealing is converted into Shield (up to @MaxPercentHealthShield*100@% max Health.)<br><br><row>(@MinUnits@) @Omnivamp*100@% %i:scaleSV%, @AD*100@% %i:scaleAD%</row><br><row>(@MinUnits@) @Omnivamp*100@% %i:scaleSV%, @AD*100@% %i:scaleAD%</row><br><row>(@MinUnits@) @Omnivamp*100@% %i:scaleSV%, @AD*100@% %i:scaleAD%.</row>"
Marauder,TFT17_MELEETRAIT,GOLD,25000,6,5,"{'AD': 0.550000011920929, 'MaxPercentHealthShield': 0.25, 'Omnivamp': 0.10000000149011612, 'ShieldAD': 0.20000000298023224, 'TeamwideBonus': 0.05000000074505806}","Your team gains @TeamwideBonus*100@% Omnivamp. Marauders gain more Omnivamp, Attack Damage, and their Omnivamp overhealing is converted into Shield (up to @MaxPercentHealthShield*100@% max Health.)<br><br><row>(@MinUnits@) @Omnivamp*100@% %i:scaleSV%, @AD*100@% %i:scaleAD%</row><br><row>(@MinUnits@) @Omnivamp*100@% %i:scaleSV%, @AD*100@% %i:scaleAD%</row><br><row>(@MinUnits@) @Omnivamp*100@% %i:scaleSV%, @AD*100@% %i:scaleAD%.</row>"
Gun Goddess,TFT17_MISSFORTUNEUNIQUETRAIT,LEGENDARY,25000,1,4,"{'Allies': 2.0, 'DamageAmp': 0.009999999776482582, 'FlatDamage': 100.0, 'Mana': 2.0, 'NumAttacks': 3.0}","When you field Miss Fortune, choose between Conduit Mode, Challenger Mode, and Replicator Mode. Miss Fortune has a unique ability based on her mode and gains the associated trait."
Anima,TFT17_ANIMASQUAD,BRONZE,4,3,1,"{'PairsPartnerWinMultiplier': 0.8500000238418579, 'TechBreakpoint': 100.0, 'TechPerCombat': 20.0, 'TechPerCombat_DU': 20, 'TechPerDeath_PVE': 1.0, 'TechPerKill': 2, 'TechPerLoss': 5.0, 'TechPerLoss_DU': 5, 'TechPerRound_PVE': 20.0}","After losing a player combat, gain @TechPerCombat@ Tech, plus additional Tech equal to @TechPerLoss@ times the length of your loss streak. Additionally, gain @TechPerKill@ Tech per Anima takedown.<br><br>Each time Animas get @TechBreakpoint@ Tech, they prototype new Anima Weapons. You can take them, or save your Tech to get more powerful weapons next time.<br><br><row>(@MinUnits@) Start Researching! </row><br><row>(@MinUnits@) After each player combat, gain loot!</row><br><br><ShowIf.TFT17_AnimaSquad_IsDoubleUp><rules>Gain @PairsPartnerWinMultiplier*100@% Tech from losing if your partner wins a combat in Double Up.</rules></ShowIf.TFT17_AnimaSquad_IsDoubleUp>"
Anima,TFT17_ANIMASQUAD,GOLD,25000,5,5,"{'PairsPartnerWinMultiplier': 0.8500000238418579, 'TechBreakpoint': 100.0, 'TechPerCombat': 20.0, 'TechPerCombat_DU': 20, 'TechPerDeath_PVE': 1.0, 'TechPerKill': 2, 'TechPerLoss': 5.0, 'TechPerLoss_DU': 5, 'TechPerRound_PVE': 20.0}","After losing a player combat, gain @TechPerCombat@ Tech, plus additional Tech equal to @TechPerLoss@ times the length of your loss streak. Additionally, gain @TechPerKill@ Tech per Anima takedown.<br><br>Each time Animas get @TechBreakpoint@ Tech, they prototype new Anima Weapons. You can take them, or save your Tech to get more powerful weapons next time.<br><br><row>(@MinUnits@) Start Researching! </row><br><row>(@MinUnits@) After each player combat, gain loot!</row><br><br><ShowIf.TFT17_AnimaSquad_IsDoubleUp><rules>Gain @PairsPartnerWinMultiplier*100@% Tech from losing if your partner wins a combat in Double Up.</rules></ShowIf.TFT17_AnimaSquad_IsDoubleUp>"
Fateweaver,TFT17_FATEWEAVER,BRONZE,3,2,1,{'CritDamage': None},Innate: Fateweavers have <TFTKeyword>Precision</TFTKeyword>.<br><br><row>(@MinUnits@) Chance effects on abilities are <TFTKeyword>Lucky</TFTKeyword>.</row><br><row>(@MinUnits@) Gain @CritChance*100@% Crit Chance and @CritDamage@%&nbsp;Crit Damage. Critical strikes are also <TFTKeyword>Lucky</TFTKeyword>.</row><br><br>{{TFT_Keyword_Precision}}<br><rules>Lucky: Check twice and take the better outcome.</rules>
Fateweaver,TFT17_FATEWEAVER,GOLD,25000,4,5,"{'CritChance': 0.20000000298023224, 'CritDamage': 20.0}",Innate: Fateweavers have <TFTKeyword>Precision</TFTKeyword>.<br><br><row>(@MinUnits@) Chance effects on abilities are <TFTKeyword>Lucky</TFTKeyword>.</row><br><row>(@MinUnits@) Gain @CritChance*100@% Crit Chance and @CritDamage@%&nbsp;Crit Damage. Critical strikes are also <TFTKeyword>Lucky</TFTKeyword>.</row><br><br>{{TFT_Keyword_Precision}}<br><rules>Lucky: Check twice and take the better outcome.</rules>
Galaxy Hunter,TFT17_ZEDUNIQUETRAIT,LEGENDARY,25000,1,4,{'BonusAD': 0.4000000059604645},"Zed is obtained from the Invader Zed augment.<br><br>While at least one clone is alive, Zed gains @BonusAD*100@% bonus Attack Damage."
Bulwark,TFT17_SHENUNIQUETRAIT,LEGENDARY,25000,1,4,"{'AttackSpeed': 0.10000000149011612, 'AttackSpeedDuration': 60.0, 'PercentHealthShield': 0.10000000149011612, 'ShieldDuration': 60.0}","Summon a placeable relic. At the start of combat, it grants adjacent allies a @PercentHealthShield*100@% max Health shield and @AttackSpeed*100@% Attack Speed."
Commander,TFT17_SONAUNIQUETRAIT,LEGENDARY,25000,1,4,"{'AS': 0.15000000596046448, 'HealthRatio': 0.15000000596046448, 'RoundsPerMod': 2.0}",(@MinUnits@) Sona gives you a random Command Mod every @RoundsPerMod@ rounds which allows you to alter the way an ally behaves during combat. Command Mods last @RoundsPerMod@ player combats even if they are not equipped.
Stargazer,TFT17_STARGAZER_MEDALLION,GOLD,25000,3,5,"{'Medallion_DA': 15.0, 'Medallion_IncreasePer3Star': 5.0, '{37204635}': 10.0, '{3d49cc86}': 20.0, '{c32af02f}': 0.05000000074505806}","Stargazers chart a different constellation every game. This game: <TFTStargazer>The Medallion</TFTStargazer>.<br><br><row>(@MinUnits@) Allies in empowered hexes gain @Medallion_DA@% Damage Amp, which increases by @Medallion_IncreasePer3Star@% for each 3-star ally.</row><br><br>(Current&nbsp;Bonus:&nbsp;@TFTUnitProperty.trait:TFT17_Stargazer_Medallion_Increase@% %i:scaleDA%)<br><br><rules>More hexes reveal at each player level</rules>"
Stargazer,TFT17_STARGAZER_HUNTRESS,BRONZE,4,3,1,"{'Huntress_AS': 0.15000000596046448, 'Huntress_AS_Teamwide': 0.15000000596046448, 'Huntress_Heal': 0.15000000596046448, 'NumMarks': 3.0}","Stargazers chart a different constellation every game. This game: <TFTStargazer>The Huntress</TFTStargazer>.<br><br>Combat Start: Mark the highest Health enemies. <br><br>Allies in empowered hexes gain @Huntress_AS_Teamwide*100@% Attack Speed. Stargazers in empowered hexes gain more and heal for @Huntress_Heal*100@% of their max Health when a marked enemy dies.<br><br><row>(@MinUnits@) @Huntress_AS*100@% %i:scaleAS%, @NumMarks@ marks</row><br><row>(@MinUnits@) @Huntress_AS*100@% %i:scaleAS%, @NumMarks@ marks</row><br><row>(@MinUnits@) @Huntress_AS*100@% %i:scaleAS%, @NumMarks@ marks</row><br><br><rules>More hexes reveal at each player level</rules>"
Stargazer,TFT17_STARGAZER_HUNTRESS,SILVER,6,5,3,"{'Huntress_AS': 0.44999998807907104, 'Huntress_AS_Teamwide': 0.15000000596046448, 'Huntress_Heal': 0.15000000596046448, 'NumMarks': 5.0}","Stargazers chart a different constellation every game. This game: <TFTStargazer>The Huntress</TFTStargazer>.<br><br>Combat Start: Mark the highest Health enemies. <br><br>Allies in empowered hexes gain @Huntress_AS_Teamwide*100@% Attack Speed. Stargazers in empowered hexes gain more and heal for @Huntress_Heal*100@% of their max Health when a marked enemy dies.<br><br><row>(@MinUnits@) @Huntress_AS*100@% %i:scaleAS%, @NumMarks@ marks</row><br><row>(@MinUnits@) @Huntress_AS*100@% %i:scaleAS%, @NumMarks@ marks</row><br><row>(@MinUnits@) @Huntress_AS*100@% %i:scaleAS%, @NumMarks@ marks</row><br><br><rules>More hexes reveal at each player level</rules>"
Stargazer,TFT17_STARGAZER_HUNTRESS,GOLD,25000,7,5,"{'Huntress_AS': 0.699999988079071, 'Huntress_AS_Teamwide': 0.15000000596046448, 'Huntress_Heal': 0.15000000596046448, 'NumMarks': 9.0}","Stargazers chart a different constellation every game. This game: <TFTStargazer>The Huntress</TFTStargazer>.<br><br>Combat Start: Mark the highest Health enemies. <br><br>Allies in empowered hexes gain @Huntress_AS_Teamwide*100@% Attack Speed. Stargazers in empowered hexes gain more and heal for @Huntress_Heal*100@% of their max Health when a marked enemy dies.<br><br><row>(@MinUnits@) @Huntress_AS*100@% %i:scaleAS%, @NumMarks@ marks</row><br><row>(@MinUnits@) @Huntress_AS*100@% %i:scaleAS%, @NumMarks@ marks</row><br><row>(@MinUnits@) @Huntress_AS*100@% %i:scaleAS%, @NumMarks@ marks</row><br><br><rules>More hexes reveal at each player level</rules>"
God-Blessed,SET17_CAROUSELMARKET_EMPOWEREDHEXTRAIT,BRONZE,25000,,1,{},@TFTUnitProperty.trait:TFT17_CarouselMarket_TraitTRAKey1@<br><br>@TFTUnitProperty.trait:TFT17_CarouselMarket_TraitTRAKey2@<br><br>@TFTUnitProperty.trait:TFT17_CarouselMarket_TraitTRAKey3@<br><br>@TFTUnitProperty.trait:TFT17_CarouselMarket_TraitTRAKey4@<br><br>@TFTUnitProperty.trait:TFT17_CarouselMarket_TraitTRAKey5@<br><br>@TFTUnitProperty.trait:TFT17_CarouselMarket_TraitTRAKey6@<br><br>@TFTUnitProperty.trait:TFT17_CarouselMarket_TraitTRAKey7@<br><br>@TFTUnitProperty.trait:TFT17_CarouselMarket_TraitTRAKey8@<br><br>@TFTUnitProperty.trait:TFT17_CarouselMarket_TraitTRAKey9@<br><br>@TFTUnitProperty.trait:TFT17_CarouselMarket_TraitTRAKey10@<br>
Stargazer,TFT17_STARGAZER_SERPENT,BRONZE,4,3,1,"{'Serpent_DR': 0.05000000074505806, 'Serpent_DR_Teamwide': 0.05000000074505806, 'Serpent_Duration': 3, 'Serpent_Poison': 0.25}","Stargazers chart a different constellation every game. This game: <TFTStargazer>The Serpent</TFTStargazer>.<br><br>Allies in empowered hexes gain @Serpent_DR_Teamwide*100@% Durability. Stargazers in empowered hexes gain more and poison enemies, repeating a portion of damage dealt as magic damage over @Serpent_Duration@ seconds.<br><br><expandRow>(@MinUnits@) @Serpent_DR*100@% %i:scaleDR%, @Serpent_Poison*100@% poison damage</expandRow><br><br><rules>More hexes reveal at each player level</rules>"
Stargazer,TFT17_STARGAZER_SERPENT,SILVER,6,5,3,"{'Serpent_DR': 0.10000000149011612, 'Serpent_DR_Teamwide': 0.05000000074505806, 'Serpent_Duration': 3, 'Serpent_Poison': 0.44999998807907104}","Stargazers chart a different constellation every game. This game: <TFTStargazer>The Serpent</TFTStargazer>.<br><br>Allies in empowered hexes gain @Serpent_DR_Teamwide*100@% Durability. Stargazers in empowered hexes gain more and poison enemies, repeating a portion of damage dealt as magic damage over @Serpent_Duration@ seconds.<br><br><expandRow>(@MinUnits@) @Serpent_DR*100@% %i:scaleDR%, @Serpent_Poison*100@% poison damage</expandRow><br><br><rules>More hexes reveal at each player level</rules>"
Stargazer,TFT17_STARGAZER_SERPENT,GOLD,25000,7,5,"{'Serpent_DR': 0.15000000596046448, 'Serpent_DR_Teamwide': 0.05000000074505806, 'Serpent_Duration': 3, 'Serpent_Poison': 0.6000000238418579}","Stargazers chart a different constellation every game. This game: <TFTStargazer>The Serpent</TFTStargazer>.<br><br>Allies in empowered hexes gain @Serpent_DR_Teamwide*100@% Durability. Stargazers in empowered hexes gain more and poison enemies, repeating a portion of damage dealt as magic damage over @Serpent_Duration@ seconds.<br><br><expandRow>(@MinUnits@) @Serpent_DR*100@% %i:scaleDR%, @Serpent_Poison*100@% poison damage</expandRow><br><br><rules>More hexes reveal at each player level</rules>"
Stargazer,TFT17_STARGAZER_SHIELD,GOLD,25000,3,5,"{'Shield_AS_Teamwide': 8.0, 'Shield_CashoutAS': 18.0, 'Shield_CashoutHP': 20.0, 'Shield_Health_Teamwide': 8.0, 'Shield_NumDeaths': 60}","Stargazers chart a different constellation every game. This game: <TFTStargazer>The Altar</TFTStargazer>.<br><br><row>(@MinUnits@) When ANY champion dies, they are sacrificed to the Altar. Allies in empowered hexes gain @Shield_Health_Teamwide@% Health and @Shield_AS_Teamwide@% Attack Speed.<br><br>After @Shield_NumDeaths@ sacrifices, Stargazers in empowered hexes gain an additional @Shield_CashoutHP@% %i:scaleHealth% and @Shield_CashoutAS@% %i:scaleAS%<br><br>Sacrifices: (@TFTUnitProperty.trait:TFT17_Stargazer_Shield_Deaths@ / @Shield_NumDeaths@)</row><br><br><rules>More hexes reveal at each player level</rules>"
Stargazer,TFT17_STARGAZER_FOUNTAIN,BRONZE,4,3,1,"{'Fountain_HealthRegen': 0.029999999329447746, 'Fountain_HealthRegen_Teamwide': 0.009999999776482582, 'Fountain_Interval': 2.0, 'Fountain_StackingADAP': 4.0, 'MaxStacks': None}",Stargazers chart a different constellation every game. This game: <TFTStargazer>The Fountain</TFTStargazer>.<br><br>Allies in empowered hexes heal @Fountain_HealthRegen_Teamwide*100@% max Health every @Fountain_Interval@ seconds. Stargazers in empowered hexes heal an additional @Fountain_HealthRegen*100@% and gain stacking Attack Damage and Ability Power every @Fountain_Interval@ seconds.<br><br><row>(@MinUnits@) @Fountain_StackingADAP@% %i:scaleAD% %i:scaleAP%</row><br><row>(@MinUnits@) @Fountain_StackingADAP@% %i:scaleAD% %i:scaleAP%</row><br><br><rules>More hexes reveal at each player level</rules>
Stargazer,TFT17_STARGAZER_FOUNTAIN,GOLD,25000,5,5,"{'Fountain_HealthRegen': 0.029999999329447746, 'Fountain_HealthRegen_Teamwide': 0.009999999776482582, 'Fountain_Interval': 2.0, 'Fountain_StackingADAP': 9.0, 'MaxStacks': None}",Stargazers chart a different constellation every game. This game: <TFTStargazer>The Fountain</TFTStargazer>.<br><br>Allies in empowered hexes heal @Fountain_HealthRegen_Teamwide*100@% max Health every @Fountain_Interval@ seconds. Stargazers in empowered hexes heal an additional @Fountain_HealthRegen*100@% and gain stacking Attack Damage and Ability Power every @Fountain_Interval@ seconds.<br><br><row>(@MinUnits@) @Fountain_StackingADAP@% %i:scaleAD% %i:scaleAP%</row><br><row>(@MinUnits@) @Fountain_StackingADAP@% %i:scaleAD% %i:scaleAP%</row><br><br><rules>More hexes reveal at each player level</rules>
Rogue,TFT17_ASSASSINTRAIT,BRONZE,2,2,1,"{'AD': 0.11999999731779099, 'AP': 12.0, 'Duration': 3.0, 'HealthThreshold': 0.5}","Rogues gain Attack Damage and Ability Power. The first time they fall below @HealthThreshold*100@% health, they slip into shadows. Enemies targeting them are redirected to a nearby unit, preferring Tanks.<br><br><row>(@MinUnits@) @AP@% %i:scaleAD% %i:scaleAP%</row><br><row>(@MinUnits@) @AP@% %i:scaleAD% %i:scaleAP%</row><br><row>(@MinUnits@) @AP@% %i:scaleAD% %i:scaleAP%</row><br><row>(@MinUnits@) @AP@% %i:scaleAD% %i:scaleAP%</row>"
Rogue,TFT17_ASSASSINTRAIT,SILVER,3,3,3,"{'AD': 0.25, 'AP': 25.0, 'Duration': 3.0, 'HealthThreshold': 0.5}","Rogues gain Attack Damage and Ability Power. The first time they fall below @HealthThreshold*100@% health, they slip into shadows. Enemies targeting them are redirected to a nearby unit, preferring Tanks.<br><br><row>(@MinUnits@) @AP@% %i:scaleAD% %i:scaleAP%</row><br><row>(@MinUnits@) @AP@% %i:scaleAD% %i:scaleAP%</row><br><row>(@MinUnits@) @AP@% %i:scaleAD% %i:scaleAP%</row><br><row>(@MinUnits@) @AP@% %i:scaleAD% %i:scaleAP%</row>"
Rogue,TFT17_ASSASSINTRAIT,SILVER,4,4,3,"{'AD': 0.44999998807907104, 'AP': 45.0, 'Duration': 3.0, 'HealthThreshold': 0.5}","Rogues gain Attack Damage and Ability Power. The first time they fall below @HealthThreshold*100@% health, they slip into shadows. Enemies targeting them are redirected to a nearby unit, preferring Tanks.<br><br><row>(@MinUnits@) @AP@% %i:scaleAD% %i:scaleAP%</row><br><row>(@MinUnits@) @AP@% %i:scaleAD% %i:scaleAP%</row><br><row>(@MinUnits@) @AP@% %i:scaleAD% %i:scaleAP%</row><br><row>(@MinUnits@) @AP@% %i:scaleAD% %i:scaleAP%</row>"
Rogue,TFT17_ASSASSINTRAIT,GOLD,25000,5,5,"{'AD': 0.6000000238418579, 'AP': 60.0, 'Duration': 3.0, 'HealthThreshold': 0.5}","Rogues gain Attack Damage and Ability Power. The first time they fall below @HealthThreshold*100@% health, they slip into shadows. Enemies targeting them are redirected to a nearby unit, preferring Tanks.<br><br><row>(@MinUnits@) @AP@% %i:scaleAD% %i:scaleAP%</row><br><row>(@MinUnits@) @AP@% %i:scaleAD% %i:scaleAP%</row><br><row>(@MinUnits@) @AP@% %i:scaleAD% %i:scaleAP%</row><br><row>(@MinUnits@) @AP@% %i:scaleAD% %i:scaleAP%</row>"
Dark Star,TFT17_DARKSTAR,BRONZE,3,2,1,"{'ADAP': 45, 'ExecuteHPPercent': 0.07999999821186066, 'PercentHealth': 0.25, 'SupermassivePercentBonus': 0.699999988079071}","<row>(@MinUnits@) Dark Stars create a black hole that consumes enemies at <ShowIf.TFT17_DarkStar_HasNeutronStar><TFTBonus>@TFTUnitProperty.trait:TFT17_Augment_DarkStar_NeutronStar_BonusExecutePercent*100@%</TFTBonus></ShowIf.TFT17_DarkStar_HasNeutronStar><ShowIfNot.TFT17_DarkStar_HasNeutronStar>@ExecuteHPPercent*100@%</ShowIfNot.TFT17_DarkStar_HasNeutronStar> max health.</row><br><row>(@MinUnits@) AND they gain @ADAP@% %i:scaleAD%%i:scaleAP%.</row><br><row>(@MinUnits@) AND the strongest Dark Star unit goes supermassive, gaining @SupermassivePercentBonus*100@% effectiveness from Dark Star, and creates 2 minor Black Holes.</row><br><row>(@MinUnits@) All Dark Stars are supermassive. At level 10, CONSUME EVERYONE. </row>"
Dark Star,TFT17_DARKSTAR,SILVER,5,4,3,"{'ADAP': 45, 'ExecuteHPPercent': 0.07999999821186066, 'PercentHealth': 0.25, 'SupermassivePercentBonus': 0.699999988079071}","<row>(@MinUnits@) Dark Stars create a black hole that consumes enemies at <ShowIf.TFT17_DarkStar_HasNeutronStar><TFTBonus>@TFTUnitProperty.trait:TFT17_Augment_DarkStar_NeutronStar_BonusExecutePercent*100@%</TFTBonus></ShowIf.TFT17_DarkStar_HasNeutronStar><ShowIfNot.TFT17_DarkStar_HasNeutronStar>@ExecuteHPPercent*100@%</ShowIfNot.TFT17_DarkStar_HasNeutronStar> max health.</row><br><row>(@MinUnits@) AND they gain @ADAP@% %i:scaleAD%%i:scaleAP%.</row><br><row>(@MinUnits@) AND the strongest Dark Star unit goes supermassive, gaining @SupermassivePercentBonus*100@% effectiveness from Dark Star, and creates 2 minor Black Holes.</row><br><row>(@MinUnits@) All Dark Stars are supermassive. At level 10, CONSUME EVERYONE. </row>"
Dark Star,TFT17_DARKSTAR,GOLD,8,6,5,"{'ADAP': 45, 'ExecuteHPPercent': 0.07999999821186066, 'PercentHealth': 0.25, 'SupermassivePercentBonus': 0.699999988079071}","<row>(@MinUnits@) Dark Stars create a black hole that consumes enemies at <ShowIf.TFT17_DarkStar_HasNeutronStar><TFTBonus>@TFTUnitProperty.trait:TFT17_Augment_DarkStar_NeutronStar_BonusExecutePercent*100@%</TFTBonus></ShowIf.TFT17_DarkStar_HasNeutronStar><ShowIfNot.TFT17_DarkStar_HasNeutronStar>@ExecuteHPPercent*100@%</ShowIfNot.TFT17_DarkStar_HasNeutronStar> max health.</row><br><row>(@MinUnits@) AND they gain @ADAP@% %i:scaleAD%%i:scaleAP%.</row><br><row>(@MinUnits@) AND the strongest Dark Star unit goes supermassive, gaining @SupermassivePercentBonus*100@% effectiveness from Dark Star, and creates 2 minor Black Holes.</row><br><row>(@MinUnits@) All Dark Stars are supermassive. At level 10, CONSUME EVERYONE. </row>"
Dark Star,TFT17_DARKSTAR,PRISMATIC,25000,9,6,"{'ADAP': 45, 'ExecuteHPPercent': 0.07999999821186066, 'PercentHealth': 0.25, 'SupermassivePercentBonus': 0.699999988079071}","<row>(@MinUnits@) Dark Stars create a black hole that consumes enemies at <ShowIf.TFT17_DarkStar_HasNeutronStar><TFTBonus>@TFTUnitProperty.trait:TFT17_Augment_DarkStar_NeutronStar_BonusExecutePercent*100@%</TFTBonus></ShowIf.TFT17_DarkStar_HasNeutronStar><ShowIfNot.TFT17_DarkStar_HasNeutronStar>@ExecuteHPPercent*100@%</ShowIfNot.TFT17_DarkStar_HasNeutronStar> max health.</row><br><row>(@MinUnits@) AND they gain @ADAP@% %i:scaleAD%%i:scaleAP%.</row><br><row>(@MinUnits@) AND the strongest Dark Star unit goes supermassive, gaining @SupermassivePercentBonus*100@% effectiveness from Dark Star, and creates 2 minor Black Holes.</row><br><row>(@MinUnits@) All Dark Stars are supermassive. At level 10, CONSUME EVERYONE. </row>"
Primordian,TFT17_PRIMORDIAN,BRONZE,2,2,1,"{'DamageMultiplier': 1.0, 'DamageTakenPercentModifier': 0.07999999821186066, 'PercentMoreSwarmlings': 45, '{3ed71f24}': 6}","<row>(@MinUnits@) Dealing damage spawns Swarmlings based on unique Primordian star level.</row><br><row>(@MinUnits@) Spawn @PercentMoreSwarmlings@% more Swarmlings! After each player combat, gain a random 1 or 2-cost champion. </row><br><br><rules>@DamageTakenPercentModifier*100@% of damage taken contributes to damage dealt.</rules>"
Primordian,TFT17_PRIMORDIAN,GOLD,25000,3,5,"{'DamageMultiplier': 1.4500000476837158, 'DamageTakenPercentModifier': 0.07999999821186066, 'PercentMoreSwarmlings': 45, '{3ed71f24}': 6}","<row>(@MinUnits@) Dealing damage spawns Swarmlings based on unique Primordian star level.</row><br><row>(@MinUnits@) Spawn @PercentMoreSwarmlings@% more Swarmlings! After each player combat, gain a random 1 or 2-cost champion. </row><br><br><rules>@DamageTakenPercentModifier*100@% of damage taken contributes to damage dealt.</rules>"
Space Groove,TFT17_SPACEGROOVE,BRONZE,2,1,1,"{'ADAPPerSecond': None, 'EffectBonus': None, 'StartOfCombatDuration': None}","<row>(@MinUnits@) Groovians can enter {{TFT17_SpaceGroove_TheGroove}}. While in it, they gain Attack Speed and max Health Regen, increased per Groovian on your team.</row><br><row>(@MinUnits@) All Groovians start combat in {{TFT17_SpaceGroove_TheGroove}} for @StartOfCombatDuration@ seconds.</row><br><row>(@MinUnits@) Each second spent in {{TFT17_SpaceGroove_TheGroove}} grants @ADAPPerSecond@% stacking Attack Damage and Ability Power.</row><br><row>(@MinUnits@) Increase these effects by @EffectBonus@%!</row><br><row>(@MinUnits@) {{TFT17_SpaceGroove_Groove}}</row><br><br>{{TFT17_SpaceGroove_TheGroove}}: @TFTUnitProperty.:TFT17_SpaceGroove_AS*100@% %i:scaleAS%, @TFTUnitProperty.:TFT17_SpaceGroove_HealthRegen*100@% %i:scaleHPRegen%"
Space Groove,TFT17_SPACEGROOVE,SILVER,4,3,3,"{'ADAPPerSecond': None, 'EffectBonus': None, 'StartOfCombatDuration': 4.0}","<row>(@MinUnits@) Groovians can enter {{TFT17_SpaceGroove_TheGroove}}. While in it, they gain Attack Speed and max Health Regen, increased per Groovian on your team.</row><br><row>(@MinUnits@) All Groovians start combat in {{TFT17_SpaceGroove_TheGroove}} for @StartOfCombatDuration@ seconds.</row><br><row>(@MinUnits@) Each second spent in {{TFT17_SpaceGroove_TheGroove}} grants @ADAPPerSecond@% stacking Attack Damage and Ability Power.</row><br><row>(@MinUnits@) Increase these effects by @EffectBonus@%!</row><br><row>(@MinUnits@) {{TFT17_SpaceGroove_Groove}}</row><br><br>{{TFT17_SpaceGroove_TheGroove}}: @TFTUnitProperty.:TFT17_SpaceGroove_AS*100@% %i:scaleAS%, @TFTUnitProperty.:TFT17_SpaceGroove_HealthRegen*100@% %i:scaleHPRegen%"
Space Groove,TFT17_SPACEGROOVE,SILVER,6,5,3,"{'ADAPPerSecond': 5.0, 'EffectBonus': None, 'StartOfCombatDuration': 4.0}","<row>(@MinUnits@) Groovians can enter {{TFT17_SpaceGroove_TheGroove}}. While in it, they gain Attack Speed and max Health Regen, increased per Groovian on your team.</row><br><row>(@MinUnits@) All Groovians start combat in {{TFT17_SpaceGroove_TheGroove}} for @StartOfCombatDuration@ seconds.</row><br><row>(@MinUnits@) Each second spent in {{TFT17_SpaceGroove_TheGroove}} grants @ADAPPerSecond@% stacking Attack Damage and Ability Power.</row><br><row>(@MinUnits@) Increase these effects by @EffectBonus@%!</row><br><row>(@MinUnits@) {{TFT17_SpaceGroove_Groove}}</row><br><br>{{TFT17_SpaceGroove_TheGroove}}: @TFTUnitProperty.:TFT17_SpaceGroove_AS*100@% %i:scaleAS%, @TFTUnitProperty.:TFT17_SpaceGroove_HealthRegen*100@% %i:scaleHPRegen%"
Space Groove,TFT17_SPACEGROOVE,GOLD,9,7,5,"{'ADAPPerSecond': 5.0, 'EffectBonus': 10.0, 'StartOfCombatDuration': 4.0}","<row>(@MinUnits@) Groovians can enter {{TFT17_SpaceGroove_TheGroove}}. While in it, they gain Attack Speed and max Health Regen, increased per Groovian on your team.</row><br><row>(@MinUnits@) All Groovians start combat in {{TFT17_SpaceGroove_TheGroove}} for @StartOfCombatDuration@ seconds.</row><br><row>(@MinUnits@) Each second spent in {{TFT17_SpaceGroove_TheGroove}} grants @ADAPPerSecond@% stacking Attack Damage and Ability Power.</row><br><row>(@MinUnits@) Increase these effects by @EffectBonus@%!</row><br><row>(@MinUnits@) {{TFT17_SpaceGroove_Groove}}</row><br><br>{{TFT17_SpaceGroove_TheGroove}}: @TFTUnitProperty.:TFT17_SpaceGroove_AS*100@% %i:scaleAS%, @TFTUnitProperty.:TFT17_SpaceGroove_HealthRegen*100@% %i:scaleHPRegen%"
Space Groove,TFT17_SPACEGROOVE,PRISMATIC,25000,10,6,"{'ADAPPerSecond': 10.0, 'EffectBonus': 500.0, 'StartOfCombatDuration': 60.0, '{32ed1fda}': 800.0, '{3e46e556}': 1500.0}","<row>(@MinUnits@) Groovians can enter {{TFT17_SpaceGroove_TheGroove}}. While in it, they gain Attack Speed and max Health Regen, increased per Groovian on your team.</row><br><row>(@MinUnits@) All Groovians start combat in {{TFT17_SpaceGroove_TheGroove}} for @StartOfCombatDuration@ seconds.</row><br><row>(@MinUnits@) Each second spent in {{TFT17_SpaceGroove_TheGroove}} grants @ADAPPerSecond@% stacking Attack Damage and Ability Power.</row><br><row>(@MinUnits@) Increase these effects by @EffectBonus@%!</row><br><row>(@MinUnits@) {{TFT17_SpaceGroove_Groove}}</row><br><br>{{TFT17_SpaceGroove_TheGroove}}: @TFTUnitProperty.:TFT17_SpaceGroove_AS*100@% %i:scaleAS%, @TFTUnitProperty.:TFT17_SpaceGroove_HealthRegen*100@% %i:scaleHPRegen%"
Arbiter,TFT17_ADMIN,BRONZE,2,2,1,"{'DamageInstances': 10, 'HealthThreshold': 0.4000000059604645, 'ManaToSpend': 50, 'NumAttacks': 3, 'NumSeconds': 4, 'ShieldDuration': 4, '{fefec6fb}': 1.0}","Scribe a unique divine law, allowing you to choose an effect to apply to Arbiters when a chosen cause occurs.<br><br><row>(@MinUnits@) Choose a cause and effect for your law</row><br><row>(@MinUnits@) Effects are stronger. </row>"
Arbiter,TFT17_ADMIN,GOLD,25000,3,5,"{'DamageInstances': 10, 'HealthThreshold': 0.4000000059604645, 'ManaToSpend': 50, 'NumAttacks': 3, 'NumSeconds': 4, 'ShieldDuration': 4, '{fefec6fb}': 1.0}","Scribe a unique divine law, allowing you to choose an effect to apply to Arbiters when a chosen cause occurs.<br><br><row>(@MinUnits@) Choose a cause and effect for your law</row><br><row>(@MinUnits@) Effects are stronger. </row>"
Stargazer,TFT17_STARGAZER_MOUNTAIN,BRONZE,3,3,1,"{'Mountain_ADAP': None, 'Mountain_AS': None, 'Mountain_DR': None, 'Mountain_Health': 0.15000000596046448, 'Mountain_Resists': None, 'Mountain_RoundsPerEmblem': 5.0, 'Mountain_StatIncrease': None, '{67e491c6}': 25000.0, '{9d012fe8}': None}","Stargazers chart a different constellation every game. This game: <TFTStargazer>The Mountain</TFTStargazer><br><br>Every @Mountain_RoundsPerEmblem@ player combats, gain a Stargazer Emblem. Stargazers in empowered hexes gain various bonuses.<br><br>(Combats Remaining:&nbsp;@TFTUnitProperty.trait:TFT17_Stargazer_Mountain_CombatsRemaining@)<br><br><row>(@MinUnits@) Gain @Mountain_Health*100@% Health</row><br><row>(@MinUnits@) AND @Mountain_ADAP*100@% Attack Damage and Ability Power</row><br><row>(@MinUnits@) AND @Mountain_Resists@ Armor and Magic Resist</row><br><row>(@MinUnits@) AND @Mountain_AS*100@% Attack Speed</row><br><row>(@MinUnits@) AND @Mountain_DR*100@% Durability</row><br><row>(@MinUnits@) AND increase all other bonuses by @Mountain_StatIncrease*100@%</row><br><br><rules>More hexes reveal at each player level</rules>"
Stargazer,TFT17_STARGAZER_MOUNTAIN,SILVER,4,4,3,"{'Mountain_ADAP': 0.15000000596046448, 'Mountain_AS': None, 'Mountain_DR': None, 'Mountain_Health': 0.15000000596046448, 'Mountain_Resists': None, 'Mountain_RoundsPerEmblem': 5.0, 'Mountain_StatIncrease': None, '{67e491c6}': 25000.0, '{9d012fe8}': None}","Stargazers chart a different constellation every game. This game: <TFTStargazer>The Mountain</TFTStargazer><br><br>Every @Mountain_RoundsPerEmblem@ player combats, gain a Stargazer Emblem. Stargazers in empowered hexes gain various bonuses.<br><br>(Combats Remaining:&nbsp;@TFTUnitProperty.trait:TFT17_Stargazer_Mountain_CombatsRemaining@)<br><br><row>(@MinUnits@) Gain @Mountain_Health*100@% Health</row><br><row>(@MinUnits@) AND @Mountain_ADAP*100@% Attack Damage and Ability Power</row><br><row>(@MinUnits@) AND @Mountain_Resists@ Armor and Magic Resist</row><br><row>(@MinUnits@) AND @Mountain_AS*100@% Attack Speed</row><br><row>(@MinUnits@) AND @Mountain_DR*100@% Durability</row><br><row>(@MinUnits@) AND increase all other bonuses by @Mountain_StatIncrease*100@%</row><br><br><rules>More hexes reveal at each player level</rules>"
Stargazer,TFT17_STARGAZER_MOUNTAIN,SILVER,5,5,3,"{'Mountain_ADAP': 0.15000000596046448, 'Mountain_AS': None, 'Mountain_DR': None, 'Mountain_Health': 0.15000000596046448, 'Mountain_Resists': 10.0, 'Mountain_RoundsPerEmblem': 5.0, 'Mountain_StatIncrease': None, '{67e491c6}': 25000.0, '{9d012fe8}': None}","Stargazers chart a different constellation every game. This game: <TFTStargazer>The Mountain</TFTStargazer><br><br>Every @Mountain_RoundsPerEmblem@ player combats, gain a Stargazer Emblem. Stargazers in empowered hexes gain various bonuses.<br><br>(Combats Remaining:&nbsp;@TFTUnitProperty.trait:TFT17_Stargazer_Mountain_CombatsRemaining@)<br><br><row>(@MinUnits@) Gain @Mountain_Health*100@% Health</row><br><row>(@MinUnits@) AND @Mountain_ADAP*100@% Attack Damage and Ability Power</row><br><row>(@MinUnits@) AND @Mountain_Resists@ Armor and Magic Resist</row><br><row>(@MinUnits@) AND @Mountain_AS*100@% Attack Speed</row><br><row>(@MinUnits@) AND @Mountain_DR*100@% Durability</row><br><row>(@MinUnits@) AND increase all other bonuses by @Mountain_StatIncrease*100@%</row><br><br><rules>More hexes reveal at each player level</rules>"
Stargazer,TFT17_STARGAZER_MOUNTAIN,SILVER,6,6,3,"{'Mountain_ADAP': 0.15000000596046448, 'Mountain_AS': 0.07999999821186066, 'Mountain_DR': None, 'Mountain_Health': 0.15000000596046448, 'Mountain_Resists': 10.0, 'Mountain_RoundsPerEmblem': 5.0, 'Mountain_StatIncrease': None, '{67e491c6}': 25000.0, '{9d012fe8}': None}","Stargazers chart a different constellation every game. This game: <TFTStargazer>The Mountain</TFTStargazer><br><br>Every @Mountain_RoundsPerEmblem@ player combats, gain a Stargazer Emblem. Stargazers in empowered hexes gain various bonuses.<br><br>(Combats Remaining:&nbsp;@TFTUnitProperty.trait:TFT17_Stargazer_Mountain_CombatsRemaining@)<br><br><row>(@MinUnits@) Gain @Mountain_Health*100@% Health</row><br><row>(@MinUnits@) AND @Mountain_ADAP*100@% Attack Damage and Ability Power</row><br><row>(@MinUnits@) AND @Mountain_Resists@ Armor and Magic Resist</row><br><row>(@MinUnits@) AND @Mountain_AS*100@% Attack Speed</row><br><row>(@MinUnits@) AND @Mountain_DR*100@% Durability</row><br><row>(@MinUnits@) AND increase all other bonuses by @Mountain_StatIncrease*100@%</row><br><br><rules>More hexes reveal at each player level</rules>"
Stargazer,TFT17_STARGAZER_MOUNTAIN,SILVER,7,7,3,"{'Mountain_ADAP': 0.15000000596046448, 'Mountain_AS': 0.07999999821186066, 'Mountain_DR': 0.05000000074505806, 'Mountain_Health': 0.15000000596046448, 'Mountain_Resists': 10.0, 'Mountain_RoundsPerEmblem': 5.0, 'Mountain_StatIncrease': None, '{67e491c6}': 25000.0, '{9d012fe8}': None}","Stargazers chart a different constellation every game. This game: <TFTStargazer>The Mountain</TFTStargazer><br><br>Every @Mountain_RoundsPerEmblem@ player combats, gain a Stargazer Emblem. Stargazers in empowered hexes gain various bonuses.<br><br>(Combats Remaining:&nbsp;@TFTUnitProperty.trait:TFT17_Stargazer_Mountain_CombatsRemaining@)<br><br><row>(@MinUnits@) Gain @Mountain_Health*100@% Health</row><br><row>(@MinUnits@) AND @Mountain_ADAP*100@% Attack Damage and Ability Power</row><br><row>(@MinUnits@) AND @Mountain_Resists@ Armor and Magic Resist</row><br><row>(@MinUnits@) AND @Mountain_AS*100@% Attack Speed</row><br><row>(@MinUnits@) AND @Mountain_DR*100@% Durability</row><br><row>(@MinUnits@) AND increase all other bonuses by @Mountain_StatIncrease*100@%</row><br><br><rules>More hexes reveal at each player level</rules>"
Stargazer,TFT17_STARGAZER_MOUNTAIN,GOLD,8,8,5,"{'Mountain_ADAP': 0.15000000596046448, 'Mountain_AS': 0.07999999821186066, 'Mountain_DR': 0.05000000074505806, 'Mountain_Health': 0.15000000596046448, 'Mountain_Resists': 10.0, 'Mountain_RoundsPerEmblem': 5.0, 'Mountain_StatIncrease': 0.10000000149011612, '{67e491c6}': 25000.0, '{9d012fe8}': None}","Stargazers chart a different constellation every game. This game: <TFTStargazer>The Mountain</TFTStargazer><br><br>Every @Mountain_RoundsPerEmblem@ player combats, gain a Stargazer Emblem. Stargazers in empowered hexes gain various bonuses.<br><br>(Combats Remaining:&nbsp;@TFTUnitProperty.trait:TFT17_Stargazer_Mountain_CombatsRemaining@)<br><br><row>(@MinUnits@) Gain @Mountain_Health*100@% Health</row><br><row>(@MinUnits@) AND @Mountain_ADAP*100@% Attack Damage and Ability Power</row><br><row>(@MinUnits@) AND @Mountain_Resists@ Armor and Magic Resist</row><br><row>(@MinUnits@) AND @Mountain_AS*100@% Attack Speed</row><br><row>(@MinUnits@) AND @Mountain_DR*100@% Durability</row><br><row>(@MinUnits@) AND increase all other bonuses by @Mountain_StatIncrease*100@%</row><br><br><rules>More hexes reveal at each player level</rules>"
Stargazer,TFT17_STARGAZER_MOUNTAIN,GOLD,9,9,5,"{'Mountain_ADAP': 0.15000000596046448, 'Mountain_AS': 0.07999999821186066, 'Mountain_DR': 0.05000000074505806, 'Mountain_Health': 0.15000000596046448, 'Mountain_Resists': 10.0, 'Mountain_RoundsPerEmblem': 5.0, 'Mountain_StatIncrease': 0.10000000149011612, '{67e491c6}': 25000.0, '{9d012fe8}': None}","Stargazers chart a different constellation every game. This game: <TFTStargazer>The Mountain</TFTStargazer><br><br>Every @Mountain_RoundsPerEmblem@ player combats, gain a Stargazer Emblem. Stargazers in empowered hexes gain various bonuses.<br><br>(Combats Remaining:&nbsp;@TFTUnitProperty.trait:TFT17_Stargazer_Mountain_CombatsRemaining@)<br><br><row>(@MinUnits@) Gain @Mountain_Health*100@% Health</row><br><row>(@MinUnits@) AND @Mountain_ADAP*100@% Attack Damage and Ability Power</row><br><row>(@MinUnits@) AND @Mountain_Resists@ Armor and Magic Resist</row><br><row>(@MinUnits@) AND @Mountain_AS*100@% Attack Speed</row><br><row>(@MinUnits@) AND @Mountain_DR*100@% Durability</row><br><row>(@MinUnits@) AND increase all other bonuses by @Mountain_StatIncrease*100@%</row><br><br><rules>More hexes reveal at each player level</rules>"
Stargazer,TFT17_STARGAZER_MOUNTAIN,GOLD,10,10,5,"{'Mountain_ADAP': 0.15000000596046448, 'Mountain_AS': 0.07999999821186066, 'Mountain_DR': 0.05000000074505806, 'Mountain_Health': 0.15000000596046448, 'Mountain_Resists': 10.0, 'Mountain_RoundsPerEmblem': 5.0, 'Mountain_StatIncrease': 0.10000000149011612, '{67e491c6}': 25000.0, '{9d012fe8}': None}","Stargazers chart a different constellation every game. This game: <TFTStargazer>The Mountain</TFTStargazer><br><br>Every @Mountain_RoundsPerEmblem@ player combats, gain a Stargazer Emblem. Stargazers in empowered hexes gain various bonuses.<br><br>(Combats Remaining:&nbsp;@TFTUnitProperty.trait:TFT17_Stargazer_Mountain_CombatsRemaining@)<br><br><row>(@MinUnits@) Gain @Mountain_Health*100@% Health</row><br><row>(@MinUnits@) AND @Mountain_ADAP*100@% Attack Damage and Ability Power</row><br><row>(@MinUnits@) AND @Mountain_Resists@ Armor and Magic Resist</row><br><row>(@MinUnits@) AND @Mountain_AS*100@% Attack Speed</row><br><row>(@MinUnits@) AND @Mountain_DR*100@% Durability</row><br><row>(@MinUnits@) AND increase all other bonuses by @Mountain_StatIncrease*100@%</row><br><br><rules>More hexes reveal at each player level</rules>"
Stargazer,TFT17_STARGAZER_MOUNTAIN,PRISMATIC,25000,11,6,"{'Mountain_ADAP': 0.15000000596046448, 'Mountain_AS': 0.07999999821186066, 'Mountain_DR': 0.05000000074505806, 'Mountain_Health': 0.15000000596046448, 'Mountain_Resists': 8.0, 'Mountain_RoundsPerEmblem': 5.0, 'Mountain_StatIncrease': 0.10000000149011612, '{67e491c6}': 25000.0, '{9d012fe8}': None}","Stargazers chart a different constellation every game. This game: <TFTStargazer>The Mountain</TFTStargazer><br><br>Every @Mountain_RoundsPerEmblem@ player combats, gain a Stargazer Emblem. Stargazers in empowered hexes gain various bonuses.<br><br>(Combats Remaining:&nbsp;@TFTUnitProperty.trait:TFT17_Stargazer_Mountain_CombatsRemaining@)<br><br><row>(@MinUnits@) Gain @Mountain_Health*100@% Health</row><br><row>(@MinUnits@) AND @Mountain_ADAP*100@% Attack Damage and Ability Power</row><br><row>(@MinUnits@) AND @Mountain_Resists@ Armor and Magic Resist</row><br><row>(@MinUnits@) AND @Mountain_AS*100@% Attack Speed</row><br><row>(@MinUnits@) AND @Mountain_DR*100@% Durability</row><br><row>(@MinUnits@) AND increase all other bonuses by @Mountain_StatIncrease*100@%</row><br><br><rules>More hexes reveal at each player level</rules>"
Shepherd,TFT17_SUMMONTRAIT,BRONZE,4,3,1,{},Shepherds summon the Bond of the Stars to aid them in battle.<br><br><row>(@MinUnits@) Summon Bia</row><br><row>(@MinUnits@) Summon Bayin</row><br><row>(@MinUnits@) Bia and Bayin's bond grows deeper</row><br><br><rules>Bia and Bayin's power are increased by the total star level of all Shepherds.</rules>
Shepherd,TFT17_SUMMONTRAIT,SILVER,6,5,3,{},Shepherds summon the Bond of the Stars to aid them in battle.<br><br><row>(@MinUnits@) Summon Bia</row><br><row>(@MinUnits@) Summon Bayin</row><br><row>(@MinUnits@) Bia and Bayin's bond grows deeper</row><br><br><rules>Bia and Bayin's power are increased by the total star level of all Shepherds.</rules>
Shepherd,TFT17_SUMMONTRAIT,GOLD,25000,7,5,{},Shepherds summon the Bond of the Stars to aid them in battle.<br><br><row>(@MinUnits@) Summon Bia</row><br><row>(@MinUnits@) Summon Bayin</row><br><row>(@MinUnits@) Bia and Bayin's bond grows deeper</row><br><br><rules>Bia and Bayin's power are increased by the total star level of all Shepherds.</rules>
Redeemer,TFT17_RHAASTUNIQUETRAIT,LEGENDARY,25000,1,4,"{'BonusDefensiveStat1': 2.0, 'BonusDefensiveStat2': 2.0, 'BonusDefensiveStat3': 2.0, 'BonusOffensiveStat1': 0.019999999552965164, 'BonusOffensiveStat2': 0.019999999552965164, 'BonusOffensiveStat3': 0.019999999552965164}","<row>(@MinUnits@) For each non-unique trait you have active, your team gains @BonusOffensiveStat1*100@% Attack Speed, and @BonusDefensiveStat1@ Armor and Magic Resist.</row><br><br>Teamwide Attack Speed: @TFTUnitProperty.trait:TFT17_RhaastUnique_OffensiveStatToGain@% %i:scaleAS%<br>Teamwide Resists: @TFTUnitProperty.trait:TFT17_RhaastUnique_DefensiveStatToGain@ %i:scaleArmor%%i:scaleMR%"
Brawler,TFT17_HPTANK,BRONZE,3,2,1,"{'HealthBonus': 0.25, 'TeamwideBonus': 0.05000000074505806}",Your team gains @TeamwideBonus*100@% Health. Brawlers gain more.<br><br><expandRow>(@MinUnits@) +@HealthBonus*100@% maximum Health</expandRow>
Brawler,TFT17_HPTANK,SILVER,5,4,3,"{'HealthBonus': 0.44999998807907104, 'TeamwideBonus': 0.05000000074505806}",Your team gains @TeamwideBonus*100@% Health. Brawlers gain more.<br><br><expandRow>(@MinUnits@) +@HealthBonus*100@% maximum Health</expandRow>
Brawler,TFT17_HPTANK,GOLD,25000,6,5,"{'HealthBonus': 0.6499999761581421, 'TeamwideBonus': 0.05000000074505806}",Your team gains @TeamwideBonus*100@% Health. Brawlers gain more.<br><br><expandRow>(@MinUnits@) +@HealthBonus*100@% maximum Health</expandRow>
Bastion,TFT17_RESISTTANK,BRONZE,3,2,1,"{'BonusArmor': 16.0, 'BonusMR': 16.0, 'Duration': 10.0, 'EnhancedTeamwideArmor': 20.0, 'StatMultiplier': 2.0, 'TeamwideResists': 15.0}","Your team gains @TeamwideResists@ Armor and Magic Resist.<br><br>Bastions gain more, and the value doubles in the first @Duration@ seconds of combat.<br><br><row>(@MinUnits@) @BonusArmor@ %i:scaleArmor%%i:scaleMR%</row><br><row>(@MinUnits@) @BonusArmor@ %i:scaleArmor%%i:scaleMR%</row><br><row>(@MinUnits@) @BonusArmor@ %i:scaleArmor%%i:scaleMR%; Non-Bastions gain an additional @EnhancedTeamwideArmor@ %i:scaleArmor%%i:scaleMR%.</row>"
Bastion,TFT17_RESISTTANK,SILVER,5,4,3,"{'BonusArmor': 40.0, 'BonusMR': 40.0, 'Duration': 10.0, 'EnhancedTeamwideArmor': 20.0, 'StatMultiplier': 2.0, 'TeamwideResists': 15.0}","Your team gains @TeamwideResists@ Armor and Magic Resist.<br><br>Bastions gain more, and the value doubles in the first @Duration@ seconds of combat.<br><br><row>(@MinUnits@) @BonusArmor@ %i:scaleArmor%%i:scaleMR%</row><br><row>(@MinUnits@) @BonusArmor@ %i:scaleArmor%%i:scaleMR%</row><br><row>(@MinUnits@) @BonusArmor@ %i:scaleArmor%%i:scaleMR%; Non-Bastions gain an additional @EnhancedTeamwideArmor@ %i:scaleArmor%%i:scaleMR%.</row>"
Bastion,TFT17_RESISTTANK,GOLD,25000,6,5,"{'BonusArmor': 60.0, 'BonusMR': 60.0, 'Duration': 10.0, 'EnhancedTeamwideArmor': 20.0, 'StatMultiplier': 2.0, 'TeamwideResists': 15.0}","Your team gains @TeamwideResists@ Armor and Magic Resist.<br><br>Bastions gain more, and the value doubles in the first @Duration@ seconds of combat.<br><br><row>(@MinUnits@) @BonusArmor@ %i:scaleArmor%%i:scaleMR%</row><br><row>(@MinUnits@) @BonusArmor@ %i:scaleArmor%%i:scaleMR%</row><br><row>(@MinUnits@) @BonusArmor@ %i:scaleArmor%%i:scaleMR%; Non-Bastions gain an additional @EnhancedTeamwideArmor@ %i:scaleArmor%%i:scaleMR%.</row>"
Meeple,TFT17_ASTRONAUT,BRONZE,4,3,1,"{'BonusHealth': 100.0, 'Meeps': 2.0}","Meeple attract Meeps that empower Meeple abilities in meepy ways. They also gain bonus Health.<br><br><row>(@MinUnits@) @Meeps@ %i:set14AmpIcon%, @BonusHealth@ %i:scaleHealth%</row><br><row>(@MinUnits@) @Meeps@ %i:set14AmpIcon%, @BonusHealth@ %i:scaleHealth%</row><br><row>(@MinUnits@) @Meeps@ %i:set14AmpIcon%, @BonusHealth@ %i:scaleHealth%. Create a Cloning Slot on your bench. Gain gold and a 1-star copy of the champion placed there when cloning completes.</row><br><row>(@MinUnits@) @Meeps@ %i:set14AmpIcon%, @BonusHealth@ %i:scaleHealth%. SUMMON THE FOUR MEEPLORDS!</row><br><br><rules>Cloning time = Champion cost</rules>"
Meeple,TFT17_ASTRONAUT,SILVER,6,5,3,"{'BonusHealth': 350.0, 'Meeps': 3.0}","Meeple attract Meeps that empower Meeple abilities in meepy ways. They also gain bonus Health.<br><br><row>(@MinUnits@) @Meeps@ %i:set14AmpIcon%, @BonusHealth@ %i:scaleHealth%</row><br><row>(@MinUnits@) @Meeps@ %i:set14AmpIcon%, @BonusHealth@ %i:scaleHealth%</row><br><row>(@MinUnits@) @Meeps@ %i:set14AmpIcon%, @BonusHealth@ %i:scaleHealth%. Create a Cloning Slot on your bench. Gain gold and a 1-star copy of the champion placed there when cloning completes.</row><br><row>(@MinUnits@) @Meeps@ %i:set14AmpIcon%, @BonusHealth@ %i:scaleHealth%. SUMMON THE FOUR MEEPLORDS!</row><br><br><rules>Cloning time = Champion cost</rules>"
Meeple,TFT17_ASTRONAUT,GOLD,9,7,5,"{'BonusHealth': 450.0, 'Meeps': 4.0}","Meeple attract Meeps that empower Meeple abilities in meepy ways. They also gain bonus Health.<br><br><row>(@MinUnits@) @Meeps@ %i:set14AmpIcon%, @BonusHealth@ %i:scaleHealth%</row><br><row>(@MinUnits@) @Meeps@ %i:set14AmpIcon%, @BonusHealth@ %i:scaleHealth%</row><br><row>(@MinUnits@) @Meeps@ %i:set14AmpIcon%, @BonusHealth@ %i:scaleHealth%. Create a Cloning Slot on your bench. Gain gold and a 1-star copy of the champion placed there when cloning completes.</row><br><row>(@MinUnits@) @Meeps@ %i:set14AmpIcon%, @BonusHealth@ %i:scaleHealth%. SUMMON THE FOUR MEEPLORDS!</row><br><br><rules>Cloning time = Champion cost</rules>"
Meeple,TFT17_ASTRONAUT,PRISMATIC,25000,10,6,"{'BonusHealth': 550.0, 'Meeps': 6.0}","Meeple attract Meeps that empower Meeple abilities in meepy ways. They also gain bonus Health.<br><br><row>(@MinUnits@) @Meeps@ %i:set14AmpIcon%, @BonusHealth@ %i:scaleHealth%</row><br><row>(@MinUnits@) @Meeps@ %i:set14AmpIcon%, @BonusHealth@ %i:scaleHealth%</row><br><row>(@MinUnits@) @Meeps@ %i:set14AmpIcon%, @BonusHealth@ %i:scaleHealth%. Create a Cloning Slot on your bench. Gain gold and a 1-star copy of the champion placed there when cloning completes.</row><br><row>(@MinUnits@) @Meeps@ %i:set14AmpIcon%, @BonusHealth@ %i:scaleHealth%. SUMMON THE FOUR MEEPLORDS!</row><br><br><rules>Cloning time = Champion cost</rules>"
Conduit,TFT17_MANATRAIT,BRONZE,2,2,1,"{'ChannelerManaRegen': 3.0, 'InnateManaGain': 0.20000000298023224, 'TeamManaRegen': 1.0}","Innate: Conduits gain @InnateManaGain*100@% additional Mana from all sources.<br><br>Your team gains Mana Regen, increased for Conduits.<br><br><expandRow>(@MinUnits@) @TeamManaRegen@ %i:TFTManaRegen% | @ChannelerManaRegen@ %i:TFTManaRegen%</expandRow><br><br>"
Conduit,TFT17_MANATRAIT,SILVER,3,3,3,"{'ChannelerManaRegen': 5.0, 'InnateManaGain': 0.20000000298023224, 'TeamManaRegen': 1.0}","Innate: Conduits gain @InnateManaGain*100@% additional Mana from all sources.<br><br>Your team gains Mana Regen, increased for Conduits.<br><br><expandRow>(@MinUnits@) @TeamManaRegen@ %i:TFTManaRegen% | @ChannelerManaRegen@ %i:TFTManaRegen%</expandRow><br><br>"
Conduit,TFT17_MANATRAIT,SILVER,4,4,3,"{'ChannelerManaRegen': 7.0, 'InnateManaGain': 0.20000000298023224, 'TeamManaRegen': 2.0}","Innate: Conduits gain @InnateManaGain*100@% additional Mana from all sources.<br><br>Your team gains Mana Regen, increased for Conduits.<br><br><expandRow>(@MinUnits@) @TeamManaRegen@ %i:TFTManaRegen% | @ChannelerManaRegen@ %i:TFTManaRegen%</expandRow><br><br>"
Conduit,TFT17_MANATRAIT,GOLD,25000,5,5,"{'ChannelerManaRegen': 9.0, 'InnateManaGain': 0.20000000298023224, 'TeamManaRegen': 3.0}","Innate: Conduits gain @InnateManaGain*100@% additional Mana from all sources.<br><br>Your team gains Mana Regen, increased for Conduits.<br><br><expandRow>(@MinUnits@) @TeamManaRegen@ %i:TFTManaRegen% | @ChannelerManaRegen@ %i:TFTManaRegen%</expandRow><br><br>"
Mecha,TFT17_MECHA,BRONZE,3,3,1,"{'AD': 0.25, 'AP': 25.0, 'TeamSize': 1, 'TransformedPercentHealth': 0.4000000059604645}","Innate: Mecha units can transform into their Ultimate form, upgrading their ability and gaining @TransformedPercentHealth*100@% Health. Transformed Mechas take up two team slots and count twice for the Mecha trait.<br><br><row>(@MinUnits@) Energy Cells: Mechas gain @AP@%&nbsp;%i:scaleAD%%i:scaleAP%.</row><br><row>(@MinUnits@) Overclocked Cells: Increased to @AP@%&nbsp;%i:scaleAD%%i:scaleAP%.</row><br><row>(@MinUnits@) Precision Engineering: +@TeamSize@ max team size</row><br><br><rules>Use the Mecha-Former item to toggle the forms of your Mecha units</rules>"
Mecha,TFT17_MECHA,SILVER,5,4,3,"{'AD': 0.4000000059604645, 'AP': 40.0, 'TeamSize': 1, 'TransformedPercentHealth': 0.4000000059604645}","Innate: Mecha units can transform into their Ultimate form, upgrading their ability and gaining @TransformedPercentHealth*100@% Health. Transformed Mechas take up two team slots and count twice for the Mecha trait.<br><br><row>(@MinUnits@) Energy Cells: Mechas gain @AP@%&nbsp;%i:scaleAD%%i:scaleAP%.</row><br><row>(@MinUnits@) Overclocked Cells: Increased to @AP@%&nbsp;%i:scaleAD%%i:scaleAP%.</row><br><row>(@MinUnits@) Precision Engineering: +@TeamSize@ max team size</row><br><br><rules>Use the Mecha-Former item to toggle the forms of your Mecha units</rules>"
Mecha,TFT17_MECHA,GOLD,25000,6,5,"{'AD': 0.4000000059604645, 'AP': 40.0, 'TeamSize': 1, 'TransformedPercentHealth': 0.4000000059604645}","Innate: Mecha units can transform into their Ultimate form, upgrading their ability and gaining @TransformedPercentHealth*100@% Health. Transformed Mechas take up two team slots and count twice for the Mecha trait.<br><br><row>(@MinUnits@) Energy Cells: Mechas gain @AP@%&nbsp;%i:scaleAD%%i:scaleAP%.</row><br><row>(@MinUnits@) Overclocked Cells: Increased to @AP@%&nbsp;%i:scaleAD%%i:scaleAP%.</row><br><row>(@MinUnits@) Precision Engineering: +@TeamSize@ max team size</row><br><br><rules>Use the Mecha-Former item to toggle the forms of your Mecha units</rules>"
Factory New,TFT17_GRAVESTRAIT,LEGENDARY,25000,1,4,{'NumberOfUpgradesBeforeRoundCostIncrease': 3.0},"After participating in combat, open an armory to purchase a permanent upgrade for your strongest Graves.<br><br>Every @NumberOfUpgradesBeforeRoundCostIncrease@ upgrades, future upgrades will take an additional round.<br><br><rules>Next Upgrade: @TFTUnitProperty.trait:TFT17_GravesTrait_RoundsUntilUpgrade@ Rounds.</rules>"
Stargazer,TFT17_STARGAZER,BRONZE,4,3,1,"{'Family_BaseSharePercent': 0.10000000149011612, 'Family_HexesToReveal_TOOLTIPONLY': 3, 'Family_Stats': 10.0, 'Fountain_HealthRegen': 0.03999999910593033, 'Fountain_HealthRegen_Teamwide': 0.019999999552965164, 'Fountain_StackingADAP': 2.0, 'Huntress_AS': 0.30000001192092896, 'Huntress_AS_Teamwide': 0.15000000596046448, 'Huntress_Heal': 0.05000000074505806, 'MaxStacks': None, 'Medallion_DA': 0.20000000298023224, 'Medallion_IncreasePer3Star': 20.0, 'Mountain_Health': 0.20000000298023224, 'Mountain_RoundsPerEmblem': 5.0, 'NumMarks': 3.0, 'Serpent_DR': 0.15000000596046448, 'Serpent_DR_Teamwide': 0.07999999821186066, 'Serpent_Duration': 3, 'Serpent_Poison': 0.30000001192092896, 'Shield_AS_Teamwide': 8.0, 'Shield_CashoutAS': 18.0, 'Shield_CashoutHP': 20.0, 'Shield_Duration': 10, 'Shield_Health_Teamwide': 8.0, 'Shield_Interval': 1, 'Shield_NumDeaths': 60, 'Wolf_ADAP': 10.0, 'Wolf_Gold': 1, 'Wolf_Health': 0.019999999552965164, 'Wolf_Health_Teamwide': 0.07999999821186066, '{326db998}': 0.15000000596046448, '{37204635}': 10.0, '{3d49cc86}': 20.0, '{457fd35a}': 1.0, '{56df89e0}': 1000.0, '{57ccf261}': 0.25, '{74ccce14}': 0.07999999821186066, '{a6419a0b}': 0.5, '{aa686d69}': 10.0, '{abed8603}': 1.2999999523162842, '{b44d11c3}': 0.10000000149011612, '{c32af02f}': 0.05000000074505806, '{e5275a69}': 0.019999999552965164, '{e8338a44}': 0.15000000596046448}","Stargazers chart a different constellation every game.<br><br>Stargazers in empowered hexes gain various bonuses, starting at (@MinUnits@) units.<br><br><rules>More hexes reveal at each player level.</rules>"
Stargazer,TFT17_STARGAZER,SILVER,6,5,3,"{'Family_BaseSharePercent': 0.10000000149011612, 'Family_HexesToReveal_TOOLTIPONLY': 2, 'Family_Stats': 35.0, 'Fountain_HealthRegen': 0.03999999910593033, 'Fountain_HealthRegen_Teamwide': 0.019999999552965164, 'Fountain_StackingADAP': 4.0, 'Huntress_AS': 0.44999998807907104, 'Huntress_AS_Teamwide': 0.15000000596046448, 'Huntress_Heal': 0.07999999821186066, 'MaxStacks': None, 'Medallion_DA': 0.30000001192092896, 'Medallion_IncreasePer3Star': 20.0, 'Mountain_ADAP': 0.11999999731779099, 'Mountain_Health': 0.30000001192092896, 'Mountain_RoundsPerEmblem': 5.0, 'NumMarks': 5.0, 'Serpent_DR': 0.20000000298023224, 'Serpent_DR_Teamwide': 0.07999999821186066, 'Serpent_Duration': 3, 'Serpent_Poison': 0.44999998807907104, 'Shield_AS_Teamwide': 8.0, 'Shield_Duration': 10, 'Shield_Health_Teamwide': 8.0, 'Shield_Interval': 1, 'Shield_NumDeaths': 60, 'Wolf_ADAP': 15.0, 'Wolf_Gold': 2, 'Wolf_Health': 0.07999999821186066, 'Wolf_Health_Teamwide': 0.07999999821186066, '{326db998}': 0.25, '{37204635}': 10.0, '{3d49cc86}': 30.0, '{457fd35a}': 2.0, '{56df89e0}': 1000.0, '{57ccf261}': 0.3499999940395355, '{74ccce14}': 0.07999999821186066, '{a6419a0b}': 0.5, '{aa686d69}': 10.0, '{abed8603}': 1.5, '{b44d11c3}': 0.10000000149011612, '{c32af02f}': 0.05000000074505806, '{e5275a69}': 0.029999999329447746, '{e8338a44}': 0.15000000596046448}","Stargazers chart a different constellation every game.<br><br>Stargazers in empowered hexes gain various bonuses, starting at (@MinUnits@) units.<br><br><rules>More hexes reveal at each player level.</rules>"
Stargazer,TFT17_STARGAZER,GOLD,25000,7,5,"{'Family_BaseSharePercent': 0.10000000149011612, 'Family_EmpoweredSharePercent': 0.30000001192092896, 'Family_Stats': 35.0, 'Fountain_HealthRegen': 0.03999999910593033, 'Fountain_HealthRegen_Teamwide': 0.019999999552965164, 'Fountain_StackingADAP': 4.0, 'Huntress_AS': 0.6000000238418579, 'Huntress_AS_Teamwide': 0.15000000596046448, 'Huntress_Heal': 0.10000000149011612, 'MaxStacks': None, 'Medallion_DA': 0.4000000059604645, 'Medallion_IncreasePer3Star': 20.0, 'Mountain_AS': None, 'Mountain_DR': None, 'Mountain_Health': 0.44999998807907104, 'Mountain_Resists': 12.0, 'Mountain_RoundsPerEmblem': 5.0, 'Mountain_StatIncrease': None, 'NumMarks': 7.0, 'Serpent_DR': 0.25, 'Serpent_DR_Teamwide': 0.07999999821186066, 'Serpent_Duration': 3, 'Serpent_Poison': 0.6000000238418579, 'Shield_AS_Teamwide': 8.0, 'Shield_Duration': 10, 'Shield_Health_Teamwide': 8.0, 'Shield_Interval': 1, 'Shield_NumDeaths': 60, 'Wolf_ADAP': 25.0, 'Wolf_Gold': 4, 'Wolf_Health': 0.15000000596046448, 'Wolf_Health_Teamwide': 0.07999999821186066, '{326db998}': 0.3499999940395355, '{37204635}': 10.0, '{3d49cc86}': 40.0, '{457fd35a}': 3.0, '{4f055cc9}': 0.009999999776482582, '{56df89e0}': 1000.0, '{57ccf261}': 0.44999998807907104, '{74ccce14}': 0.07999999821186066, '{a6419a0b}': 0.5, '{aa686d69}': 10.0, '{abed8603}': 1.75, '{b44d11c3}': 0.10000000149011612, '{c32af02f}': 0.05000000074505806, '{c4d51662}': 2, '{e5275a69}': 0.03999999910593033, '{e8338a44}': 0.15000000596046448}","Stargazers chart a different constellation every game.<br><br>Stargazers in empowered hexes gain various bonuses, starting at (@MinUnits@) units.<br><br><rules>More hexes reveal at each player level.</rules>"
Stargazer,TFT17_STARGAZER,GOLD,25000,8,5,"{'Family_BaseSharePercent': 0.10000000149011612, 'Fountain_HealthRegen': 0.03999999910593033, 'Fountain_HealthRegen_Teamwide': 0.019999999552965164, 'Huntress_AS_Teamwide': 0.15000000596046448, 'MaxStacks': None, 'Medallion_IncreasePer3Star': 20.0, 'Mountain_ADAP': None, 'Mountain_AS': None, 'Mountain_DR': None, 'Mountain_Resists': None, 'Mountain_RoundsPerEmblem': 5.0, 'Mountain_StatIncrease': None, 'NumMarks': 3.0, 'Serpent_DR_Teamwide': 0.07999999821186066, 'Serpent_Duration': 3, 'Shield_AS_Teamwide': 8.0, 'Shield_CashoutAS': 18.0, 'Shield_CashoutHP': 20.0, 'Shield_Duration': 10, 'Shield_Health_Teamwide': 8.0, 'Shield_Interval': 1, 'Shield_NumDeaths': 60, 'Wolf_ADAP': 10.0, 'Wolf_Gold': 1, 'Wolf_Health': 0.019999999552965164, 'Wolf_Health_Teamwide': 0.07999999821186066, '{37204635}': 10.0, '{56df89e0}': 1000.0, '{74ccce14}': 0.07999999821186066, '{a6419a0b}': 0.5, '{aa686d69}': 10.0, '{b44d11c3}': 0.10000000149011612, '{c32af02f}': 0.05000000074505806, '{e8338a44}': 0.15000000596046448}","Stargazers chart a different constellation every game.<br><br>Stargazers in empowered hexes gain various bonuses, starting at (@MinUnits@) units.<br><br><rules>More hexes reveal at each player level.</rules>"
Stargazer,TFT17_STARGAZER,GOLD,25000,9,5,"{'Family_BaseSharePercent': 0.10000000149011612, 'Fountain_HealthRegen': 0.03999999910593033, 'Fountain_HealthRegen_Teamwide': 0.019999999552965164, 'Huntress_AS_Teamwide': 0.15000000596046448, 'MaxStacks': None, 'Medallion_IncreasePer3Star': 20.0, 'Mountain_ADAP': 0.11999999731779099, 'Mountain_AS': 0.11999999731779099, 'Mountain_DR': 0.05999999865889549, 'Mountain_Health': 0.11999999731779099, 'Mountain_Resists': 12.0, 'Mountain_RoundsPerEmblem': 5.0, 'Mountain_StatIncrease': None, 'Serpent_DR_Teamwide': 0.07999999821186066, 'Serpent_Duration': 3, 'Shield_AS_Teamwide': 8.0, 'Shield_Duration': 10, 'Shield_Health_Teamwide': 8.0, 'Shield_Interval': 1, 'Shield_NumDeaths': 60, 'Wolf_Health_Teamwide': 0.07999999821186066, '{37204635}': 10.0, '{56df89e0}': 1000.0, '{74ccce14}': 0.07999999821186066, '{a6419a0b}': 0.5, '{aa686d69}': 10.0, '{b44d11c3}': 0.10000000149011612, '{c32af02f}': 0.05000000074505806, '{e8338a44}': 0.15000000596046448}","Stargazers chart a different constellation every game.<br><br>Stargazers in empowered hexes gain various bonuses, starting at (@MinUnits@) units.<br><br><rules>More hexes reveal at each player level.</rules>"
Stargazer,TFT17_STARGAZER,GOLD,25000,10,5,"{'Family_BaseSharePercent': 0.10000000149011612, 'Fountain_HealthRegen': 0.03999999910593033, 'Fountain_HealthRegen_Teamwide': 0.019999999552965164, 'Huntress_AS_Teamwide': 0.15000000596046448, 'MaxStacks': None, 'Medallion_IncreasePer3Star': 20.0, 'Mountain_ADAP': 0.11999999731779099, 'Mountain_AS': 0.11999999731779099, 'Mountain_DR': 0.05999999865889549, 'Mountain_Health': 0.11999999731779099, 'Mountain_Resists': 12.0, 'Mountain_RoundsPerEmblem': 5.0, 'Mountain_StatIncrease': 0.10000000149011612, 'Serpent_DR_Teamwide': 0.07999999821186066, 'Serpent_Duration': 3, 'Shield_AS_Teamwide': 8.0, 'Shield_Duration': 10, 'Shield_Health_Teamwide': 8.0, 'Shield_Interval': 1, 'Shield_NumDeaths': 60, 'Wolf_Health_Teamwide': 0.07999999821186066, '{37204635}': 10.0, '{56df89e0}': 1000.0, '{74ccce14}': 0.07999999821186066, '{a6419a0b}': 0.5, '{aa686d69}': 10.0, '{b44d11c3}': 0.10000000149011612, '{c32af02f}': 0.05000000074505806, '{e8338a44}': 0.15000000596046448}","Stargazers chart a different constellation every game.<br><br>Stargazers in empowered hexes gain various bonuses, starting at (@MinUnits@) units.<br><br><rules>More hexes reveal at each player level.</rules>"
Voyager,TFT17_FLEXTRAIT,BRONZE,2,2,1,"{'BonusDA': 0.09000000357627869, 'ShieldDuration': 15.0, 'ShieldHP': 175.0, '{2ad3e251}': 2.0}",Combat Start: Your Tanks gain a Shield for @ShieldDuration@ seconds. Your other allies gain Damage Amp. <br><br>Voyagers gain double.<br><br><expandRow>(@MinUnits@) @ShieldHP@ Shield; @BonusDA*100@% %i:scaleDA%</expandRow><br>
Voyager,TFT17_FLEXTRAIT,SILVER,3,3,3,"{'BonusDA': 0.15000000596046448, 'ShieldDuration': 15.0, 'ShieldHP': 250.0, '{2ad3e251}': 2.0}",Combat Start: Your Tanks gain a Shield for @ShieldDuration@ seconds. Your other allies gain Damage Amp. <br><br>Voyagers gain double.<br><br><expandRow>(@MinUnits@) @ShieldHP@ Shield; @BonusDA*100@% %i:scaleDA%</expandRow><br>
Voyager,TFT17_FLEXTRAIT,SILVER,4,4,3,"{'BonusDA': 0.18000000715255737, 'ShieldDuration': 15.0, 'ShieldHP': 350.0, '{2ad3e251}': 2.0}",Combat Start: Your Tanks gain a Shield for @ShieldDuration@ seconds. Your other allies gain Damage Amp. <br><br>Voyagers gain double.<br><br><expandRow>(@MinUnits@) @ShieldHP@ Shield; @BonusDA*100@% %i:scaleDA%</expandRow><br>
Voyager,TFT17_FLEXTRAIT,SILVER,5,5,3,"{'BonusDA': 0.2199999988079071, 'ShieldDuration': 15.0, 'ShieldHP': 500.0, '{2ad3e251}': 2.0}",Combat Start: Your Tanks gain a Shield for @ShieldDuration@ seconds. Your other allies gain Damage Amp. <br><br>Voyagers gain double.<br><br><expandRow>(@MinUnits@) @ShieldHP@ Shield; @BonusDA*100@% %i:scaleDA%</expandRow><br>
Voyager,TFT17_FLEXTRAIT,GOLD,25000,6,5,"{'BonusDA': 0.27000001072883606, 'ShieldDuration': 15.0, 'ShieldHP': 700.0, '{2ad3e251}': 2.0}",Combat Start: Your Tanks gain a Shield for @ShieldDuration@ seconds. Your other allies gain Damage Amp. <br><br>Voyagers gain double.<br><br><expandRow>(@MinUnits@) @ShieldHP@ Shield; @BonusDA*100@% %i:scaleDA%</expandRow><br>
Party Animal,TFT17_BLITZCRANKUNIQUETRAIT,LEGENDARY,25000,1,4,"{'HealthThreshold': 0.44999998807907104, 'PercentHealthHeal': 0.15000000596046448}","Once per combat, after falling below @HealthThreshold*100@% percent Health, become untargetable and repair @PercentHealthHeal*100@% max Health per second. Upon reaching full Health, or when no other allies remain, return to combat. If fully healed, for the rest of combat Blitzcrank is in {{TFT17_SpaceGroove_TheGroove}} and Party Crasher's passive fires bolts four times as fast."
N.O.V.A.,TFT17_DRX,BRONZE,4,2,1,"{'AS': 0.20000000298023224, 'BonusTrueDamage': 0.10000000149011612, 'Heal': 0.11999999731779099, 'ShieldValue': 800.0, 'ShredAndSunder': 0.30000001192092896, 'TeamAttackDelay': 6.0}","<row>(@MinUnits@) @TeamAttackDelay@ seconds into combat, N.O.V.A. grant a power surge to allies based on champions.</row><br><row>(@MinUnits@) Gain a Striker selector. The chosen N.O.V.A. activates their Strike during the power surge.</row><br><br><ShowIf.TFT17_DRX_HasAatrox><status>Aatrox:</status> Ally Damage @ShredAndSunder*100@% <TFTKeyword>Shred</TFTKeyword> and <TFTKeyword>Sunders</TFTKeyword> enemies</ShowIf.TFT17_DRX_HasAatrox><ShowIfNot.TFT17_DRX_HasAatrox><TFTGuildInactive>Aatrox: Shred and Sunder enemies</TFTGuildInactive></ShowIfNot.TFT17_DRX_HasAatrox><br><ShowIf.TFT17_DRX_HasCaitlyn><status>Caitlyn:</status> Grant allies @AS*100@% Attack Speed</ShowIf.TFT17_DRX_HasCaitlyn><ShowIfNot.TFT17_DRX_HasCaitlyn><TFTGuildInactive>Caitlyn: Grant Attack Speed</TFTGuildInactive></ShowIfNot.TFT17_DRX_HasCaitlyn><br><ShowIf.TFT17_DRX_HasAkali><status>Akali:</status> Allies gain <TFTKeyword>Precision</TFTKeyword></ShowIf.TFT17_DRX_HasAkali><ShowIfNot.TFT17_DRX_HasAkali><TFTGuildInactive>Akali: Allies gain Precision</TFTGuildInactive></ShowIfNot.TFT17_DRX_HasAkali><br><ShowIf.TFT17_DRX_HasMaokai><status>Maokai:</status> Allies heal @Heal*100@% max Health</ShowIf.TFT17_DRX_HasMaokai><ShowIfNot.TFT17_DRX_HasMaokai><TFTGuildInactive>Maokai: Heal allies</TFTGuildInactive></ShowIfNot.TFT17_DRX_HasMaokai><br><ShowIf.TFT17_DRX_HasKindred><status>Kindred:</status> Shield the strongest Tank for <TFTBonus>@ShieldValue@</TFTBonus></ShowIf.TFT17_DRX_HasKindred><ShowIfNot.TFT17_DRX_HasKindred><TFTGuildInactive>Kindred: Shield an ally</TFTGuildInactive></ShowIfNot.TFT17_DRX_HasKindred><br><ShowIf.TFT17_DRX_HasEmblem><status>Emblem:</status> Allies deal @BonusTrueDamage*100@% stacking bonus true damage</ShowIf.TFT17_DRX_HasEmblem><ShowIfNot.TFT17_DRX_HasEmblem><TFTGuildInactive>Emblem: Deal bonus true damage</TFTGuildInactive></ShowIfNot.TFT17_DRX_HasEmblem>"
N.O.V.A.,TFT17_DRX,GOLD,25000,5,5,"{'AS': 0.20000000298023224, 'BonusTrueDamage': 0.10000000149011612, 'Heal': 0.11999999731779099, 'ShieldValue': 800.0, 'ShredAndSunder': 0.30000001192092896, 'TeamAttackDelay': 6.0}","<row>(@MinUnits@) @TeamAttackDelay@ seconds into combat, N.O.V.A. grant a power surge to allies based on champions.</row><br><row>(@MinUnits@) Gain a Striker selector. The chosen N.O.V.A. activates their Strike during the power surge.</row><br><br><ShowIf.TFT17_DRX_HasAatrox><status>Aatrox:</status> Ally Damage @ShredAndSunder*100@% <TFTKeyword>Shred</TFTKeyword> and <TFTKeyword>Sunders</TFTKeyword> enemies</ShowIf.TFT17_DRX_HasAatrox><ShowIfNot.TFT17_DRX_HasAatrox><TFTGuildInactive>Aatrox: Shred and Sunder enemies</TFTGuildInactive></ShowIfNot.TFT17_DRX_HasAatrox><br><ShowIf.TFT17_DRX_HasCaitlyn><status>Caitlyn:</status> Grant allies @AS*100@% Attack Speed</ShowIf.TFT17_DRX_HasCaitlyn><ShowIfNot.TFT17_DRX_HasCaitlyn><TFTGuildInactive>Caitlyn: Grant Attack Speed</TFTGuildInactive></ShowIfNot.TFT17_DRX_HasCaitlyn><br><ShowIf.TFT17_DRX_HasAkali><status>Akali:</status> Allies gain <TFTKeyword>Precision</TFTKeyword></ShowIf.TFT17_DRX_HasAkali><ShowIfNot.TFT17_DRX_HasAkali><TFTGuildInactive>Akali: Allies gain Precision</TFTGuildInactive></ShowIfNot.TFT17_DRX_HasAkali><br><ShowIf.TFT17_DRX_HasMaokai><status>Maokai:</status> Allies heal @Heal*100@% max Health</ShowIf.TFT17_DRX_HasMaokai><ShowIfNot.TFT17_DRX_HasMaokai><TFTGuildInactive>Maokai: Heal allies</TFTGuildInactive></ShowIfNot.TFT17_DRX_HasMaokai><br><ShowIf.TFT17_DRX_HasKindred><status>Kindred:</status> Shield the strongest Tank for <TFTBonus>@ShieldValue@</TFTBonus></ShowIf.TFT17_DRX_HasKindred><ShowIfNot.TFT17_DRX_HasKindred><TFTGuildInactive>Kindred: Shield an ally</TFTGuildInactive></ShowIfNot.TFT17_DRX_HasKindred><br><ShowIf.TFT17_DRX_HasEmblem><status>Emblem:</status> Allies deal @BonusTrueDamage*100@% stacking bonus true damage</ShowIf.TFT17_DRX_HasEmblem><ShowIfNot.TFT17_DRX_HasEmblem><TFTGuildInactive>Emblem: Deal bonus true damage</TFTGuildInactive></ShowIfNot.TFT17_DRX_HasEmblem>"
Oracle,TFT17_TAHMKENCHUNIQUETRAIT,LEGENDARY,25000,1,4,{'rounds': 3},"Every @Rounds@ rounds, Tahm Kench grants a reward!<br><br>Rounds Remaining: @TFTUnitProperty.trait:TFT17_TahmKench_RoundsRemaining@<br>Last Reward: @TFTUnitProperty.trait:TFT17_TahmKench_LastReward@"
Sniper,TFT17_RANGEDTRAIT,BRONZE,2,2,1,"{'PerHexIncrease': 2.0, 'PercentDamageIncrease': 18.0}","Snipers gain Damage Amp, increased against targets farther away.<br><br><row>(@MinUnits@) @PercentDamageIncrease@%&nbsp;%i:scaleDA%; +@PerHexIncrease@%&nbsp;%i:scaleDA% per hex</row><br><row>(@MinUnits@) @PercentDamageIncrease@%&nbsp;%i:scaleDA%; +@PerHexIncrease@%&nbsp;%i:scaleDA% per hex</row><br><row>(@MinUnits@) @PercentDamageIncrease@%&nbsp;%i:scaleDA%; +@PerHexIncrease@%&nbsp;%i:scaleDA% per hex</row>"
Sniper,TFT17_RANGEDTRAIT,SILVER,3,3,3,"{'PerHexIncrease': 3.0, 'PercentDamageIncrease': 25.0}","Snipers gain Damage Amp, increased against targets farther away.<br><br><row>(@MinUnits@) @PercentDamageIncrease@%&nbsp;%i:scaleDA%; +@PerHexIncrease@%&nbsp;%i:scaleDA% per hex</row><br><row>(@MinUnits@) @PercentDamageIncrease@%&nbsp;%i:scaleDA%; +@PerHexIncrease@%&nbsp;%i:scaleDA% per hex</row><br><row>(@MinUnits@) @PercentDamageIncrease@%&nbsp;%i:scaleDA%; +@PerHexIncrease@%&nbsp;%i:scaleDA% per hex</row>"
Sniper,TFT17_RANGEDTRAIT,GOLD,25000,4,5,"{'PerHexIncrease': 4.0, 'PercentDamageIncrease': 35.0}","Snipers gain Damage Amp, increased against targets farther away.<br><br><row>(@MinUnits@) @PercentDamageIncrease@%&nbsp;%i:scaleDA%; +@PerHexIncrease@%&nbsp;%i:scaleDA% per hex</row><br><row>(@MinUnits@) @PercentDamageIncrease@%&nbsp;%i:scaleDA%; +@PerHexIncrease@%&nbsp;%i:scaleDA% per hex</row><br><row>(@MinUnits@) @PercentDamageIncrease@%&nbsp;%i:scaleDA%; +@PerHexIncrease@%&nbsp;%i:scaleDA% per hex</row>"
Divine Duelist,TFT17_FIORAUNIQUETRAIT,LEGENDARY,25000,1,4,"{'DUHeal': 1, 'PVEHP': 1, 'PVENumWins': 4, 'PlayerOmnivamp': 0.15000000596046448}",Your Tactician heals for @PlayerOmnivamp*100@% of player damage dealt from winning.<br><br>Fiora always wins a one on one duel.
Dark Lady,TFT17_MORGANAUNIQUETRAIT,LEGENDARY,1,1,4,"{'Durability': 0.03999999910593033, 'TransformedDurability': 0.10000000149011612}","Your team gains @Durability*100@% Durability, increased to @TransformedDurability*100@% when Morgana is in her Dark Form."
